0,10.228,8.11621,-10.079
1,-11.7356,9.09666,3.64169
2,5.73045,4.35853,2.66805
3,-4.41861,9.71733,13.3245
4,-0.604386,7.24619,-17.1976
5,8.04237,0.672653,6.15236
6,9.26941,-11.4264,0.894181
7,-12.4766,-2.16589,6.65293
8,2.0539,-1.57429,12.4407
9,-1.73406,-15.8825,10.6724
10,-14.1965,3.04688,6.28765
11,10.1685,8.55766,-7.4608
12,-4.66436,18.1196,3.32304
13,14.6058,2.74625,-3.92296
14,8.91844,8.12329,1.02872
15,-9.70561,12.1888,3.78997
16,-8.82835,4.9148,-7.71236
17,-3.20093,8.26184,6.2536
18,8.54252,3.7936,-6.70018
19,9.83348,10.304,-10.7232
20,-8.08041,-0.732398,5.81335
21,4.1722,2.20374,-2.70751
22,3.83044,-3.47718,-8.73804
23,0.296783,8.67304,11.1328
24,14.0478,8.60522,7.02733
25,-7.34666,-10.986,11.4332
26,-6.54077,-5.7095,-10.523
27,-8.51878,-3.10571,3.23915
28,-5.11884,9.44903,16.0725
29,-14.4211,-7.29263,-10.0129
30,-13.214,5.28094,-2.32429
31,-5.58281,-1.29461,2.55553
32,4.30702,6.73231,-11.4331
33,-12.6975,-2.65929,5.38054
34,6.81201,-4.14324,-13.3804
35,-15.8637,9.25235,5.44895
36,-11.9758,9.51905,-5.87332
37,-4.58504,-7.96482,-2.28281
38,-0.493229,0.702546,18.7527
39,15.9386,-0.598391,-2.00457
40,12.6929,-8.53218,3.40948
41,12.1402,7.5828,2.51756
42,3.39854,-10.8393,-2.2737
43,0.488629,1.19998,-8.76954
44,6.27749,-6.4633,7.14976
45,0.92993,-5.0581,1.25147
46,-10.1944,0.344887,-8.8728
47,-11.0904,3.20439,5.17498
48,-7.34554,-15.9184,-2.94236
49,15.3852,-10.2891,1.94572
50,-2.0281,10.032,-12.0638
51,-7.90971,12.0453,12.4481
52,-12.5721,-5.58395,-4.05096
53,-7.99365,8.22841,14.4947
54,-6.71146,-5.41375,-15.1698
55,11.7527,-2.56708,-1.21186
56,-12.9684,-7.8774,-11.8892
57,-6.45356,-0.253089,11.2387
58,3.35261,12.9864,-3.6524
59,-5.82489,14.4086,1.09081
60,8.49646,11.0578,8.67324
61,-7.39438,-6.08251,14.8317
62,-7.20121,4.4398,0.0144642
63,-1.65949,5.85249,-2.21438
64,10.5805,8.76116,-0.934504
65,0.0335538,12.5865,6.83907
66,-15.4616,10.7889,2.4785
67,11.353,5.6598,-10.7789
68,4.13528,-18.0724,-5.59129
69,-3.2046,-19.3211,0.150571
70,1.54843,8.01447,8.00578
71,-7.14709,-9.23095,11.7319
72,-10.2032,14.3584,-2.47971
73,0.302226,-13.3024,-10.0251
74,-2.13001,5.57523,8.53689
75,-0.986803,-14.5181,11.4647
76,8.60556,1.22397,9.62909
77,-4.7046,-9.58887,13.1479
78,-1.70514,5.99198,-0.7168
79,8.44013,5.70076,-8.03278
80,-3.03776,-17.8319,-5.64604
81,-6.41607,16.1066,8.27406
82,-8.77412,7.24567,3.14915
83,2.28951,-5.65306,-10.5905
84,8.79938,9.96645,-6.73021
85,2.56841,-5.62393,-17.4845
86,16.895,-5.25058,-6.82442
87,-5.65507,7.88723,16.7891
88,11.9394,13.1565,-0.800445
89,-3.3291,-8.10757,17.0368
90,-2.23302,-15.6245,4.64772
91,-0.510853,6.55475,-10.9828
92,-7.51218,13.4334,5.32615
93,2.25706,16.455,3.627
94,5.34441,6.81668,1.00503
95,11.1176,-1.63667,-12.3057
96,-15.1451,-4.46076,-0.389233
97,-8.03028,7.1454,-7.20453
98,-5.31952,-3.59854,13.7539
99,-13.1922,-9.20112,-10.0747
100,1.77534,-8.70488,-1.57802
101,6.8786,-13.4428,11.5071
102,-9.43511,11.6429,1.87246
103,10.3894,5.06863,-0.518833
104,4.71825,-4.87841,-2.38267
105,3.62302,7.55165,9.70418
106,9.39177,-12.0034,9.01472
107,-11.7274,-5.55959,-0.200039
108,-6.1359,-3.98462,16.5582
109,11.1206,-5.19328,-9.45589
110,11.3777,13.7318,-3.87856
111,-5.91573,-6.98492,-9.60275
112,-2.00958,4.60657,-6.44575
113,2.36712,17.0152,-0.557343
114,-16.4675,-5.51661,9.01988
115,-6.98822,-10.4614,-10.0813
116,-15.8309,0.124916,-8.16281
117,9.58081,12.4698,-11.6011
118,4.51692,-3.47148,7.382
119,9.71031,2.99214,11.1841
120,7.43437,-8.35024,-0.0552643
121,7.84718,-4.24814,-9.80294
122,-19.3032,2.48062,-1.813
123,4.52128,-5.75244,-12.9234
124,7.73919,5.38857,5.79121
125,-7.73068,-0.446982,-9.35586
126,-0.231181,13.6239,-0.0747576
127,14.8805,0.0131786,-6.75705
128,0.963421,-6.15942,-9.43632
129,5.31558,9.35595,3.19366
130,12.0118,15.0501,-2.42101
131,-12.3417,4.83036,7.20317
132,-2.4422,-4.07182,-16.787
133,7.52574,8.86073,-8.03753
134,2.97206,-0.00702981,6.03537
135,0.479756,-16.2994,-10.5129
136,2.3842,-11.3752,5.5442
137,0.834337,1.32925,-0.705278
138,-15.8486,-4.63494,8.15195
139,-0.661469,-15.1167,-7.53164
140,-6.67869,-10.4745,-6.3758
141,0.647813,1.1303,-12.6292
142,-10.2373,-9.95045,-8.37952
143,-14.9575,4.56599,-4.37496
144,9.02205,11.8583,0.268526
145,-16.2848,-3.93647,-2.80933
146,-15.457,-4.50177,6.38594
147,-3.34047,-6.8952,10.7942
148,6.9436,-13.2035,0.845518
149,-10.6688,-3.13179,11.7494
150,0.786962,13.2446,-11.5409
151,-4.17542,-10.2267,7.60025
152,-6.18627,5.39312,-9.94807
153,13.333,-13.849,-3.39079
154,17.5323,6.42623,4.6616
155,-8.42425,1.44592,12.232
156,7.54914,-12.7858,-11.0206
157,-12.0539,-11.3748,-3.17756
158,5.02479,-0.463511,2.91403
159,1.8011,-9.75601,-2.96074
160,-5.04163,-3.31204,-10.2614
161,0.836349,17.7675,0.152131
162,2.03193,-4.42451,10.668
163,5.55794,4.16422,-6.55567
164,-6.51586,0.623547,7.18918
165,5.10147,0.999014,-8.49354
166,-5.1047,-16.1022,-7.68814
167,4.37033,-0.73593,-4.78068
168,2.34336,2.29274,-5.10746
169,10.628,-1.94824,11.9081
170,-1.94959,-5.29991,10.5702
171,-9.77147,5.35508,-14.3425
172,-14.26,-3.30892,-3.52493
173,4.08639,13.8999,5.49957
174,-10.3994,-7.90596,-13.7178
175,-5.66335,-12.133,-7.34142
176,-11.4891,5.47602,2.52072
177,-10.132,3.71676,-14.6116
178,-16.1157,-3.8052,10.2023
179,-4.90168,-8.62129,9.20361
180,-0.507638,-9.32152,-11.342
181,0.888041,-8.1054,-10.6961
182,1.10348,-4.00782,14.8379
183,9.54689,13.3728,4.33805
184,-0.272144,-5.54863,-18.3318
185,5.84315,10.7542,8.62252
186,-4.27093,-5.98308,-1.23471
187,9.26175,-9.93206,10.0907
188,0.92065,-7.95975,-6.6609
189,-12.6579,-4.97044,4.93789
190,8.38815,-6.93378,-12.4642
191,-5.4016,-3.55964,2.99799
192,9.42513,-16.7475,1.3011
193,-5.10803,-7.30697,-11.975
194,-6.03984,14.8845,-0.810433
195,-4.37855,-10.3259,-6.90417
196,5.48141,-13.9872,-12.2652
197,-2.07411,7.40715,-6.40593
198,8.4929,9.3481,11.9974
199,1.05736,10.6223,-9.04439
200,10.6702,12.1051,7.038
201,-9.71479,-5.27475,2.54527
202,11.3458,14.1651,-5.93504
203,14.8732,3.19842,10.0493
204,1.65281,1.66481,17.8448
205,11.0706,-10.3645,-9.74276
206,-4.34822,-17.3423,5.20831
207,-0.584295,-13.2521,-5.34909
208,10.0975,-14.1432,-6.27472
209,-2.41546,-4.03883,-1.42954
210,6.41503,9.3257,14.6173
211,-4.34539,7.82983,1.83328
212,14.9412,1.11082,-7.93396
213,-2.50742,-16.8943,-7.09391
214,9.82487,-8.12385,13.8084
215,3.24708,-10.6016,3.95153
216,4.07105,15.3982,5.21505
217,-3.6419,-7.97814,-6.66463
218,6.15539,4.69323,-10.6304
219,4.78086,12.6477,7.99797
220,7.1612,-7.8131,-1.85449
221,-7.88608,-14.5607,3.91536
222,3.11716,7.48682,7.7286
223,0.344508,4.36242,-5.178
224,14.404,4.28293,0.761434
225,4.09887,-7.7161,-9.70346
226,4.83929,-10.2189,-14.7521
227,-10.3457,15.537,-0.0324381
228,-4.34501,5.82496,10.2593
229,-11.1863,-0.137501,-6.93094
230,1.06679,-10.7033,7.58167
231,8.79573,-10.8476,8.19765
232,3.62766,2.45649,-9.40274
233,3.47422,2.97633,17.1547
234,-3.75889,10.7087,15.2292
235,-10.7321,6.98358,-9.36299
236,0.895393,3.08089,-10.1471
237,5.14418,16.5032,-8.99968
238,-9.88248,-13.6065,7.07323
239,-0.937233,12.7711,-10.4026
240,4.17092,11.2533,4.60973
241,-13.3842,-5.67473,-6.18454
242,4.01402,-10.7637,-9.03947
243,11.282,-3.94479,-3.13086
244,-15.9773,-7.03686,7.84184
245,-16.9632,-4.37581,-4.62954
246,8.18842,-15.8233,-5.37343
247,-9.93822,-2.19933,13.1053
248,-13.0217,7.00221,-12.6935
249,0.627902,17.313,-6.01637
250,11.4573,1.05562,3.06859
251,-15.5055,10.7176,-4.27764
252,-4.5258,12.3446,11.2158
253,1.82157,12.3155,3.84088
254,-15.3346,-2.80185,3.18131
255,-2.69159,3.4965,-3.69249
256,-10.6901,-1.65633,-8.29802
257,13.1653,-2.98805,1.87533
258,-4.65159,8.6782,-8.00904
259,9.89741,-12.2545,-10.5327
260,-5.24161,-4.28641,5.17535
261,-2.95709,-3.14621,15.7156
262,2.8548,7.56474,-17.7145
263,0.380384,11.72,8.68374
264,11.5711,8.93678,-6.77945
265,1.83584,9.13059,-3.79764
266,-9.5367,9.22186,-5.43398
267,-1.62351,-1.65922,14.6243
268,-5.62006,1.5761,17.0853
269,-4.2936,4.77645,17.1318
270,0.634374,1.83378,3.61064
271,6.50671,1.64013,10.2538
272,9.89903,10.7955,11.9215
273,-10.7415,-9.0923,-1.05876
274,0.63153,4.3996,18.5403
275,-8.31513,2.50746,-5.98383
276,8.54841,2.74126,-2.44315
277,5.68923,14.7377,4.31818
278,7.00278,-5.30449,-0.210554
279,0.587472,-9.99562,10.8463
280,2.64599,-10.1433,12.8231
281,-17.1436,0.48975,-6.83567
282,6.95313,1.95598,-3.72424
283,12.7483,-3.11395,11.847
284,1.2273,7.50159,-15.0933
285,2.15956,1.46941,-11.8124
286,-14.3433,0.260391,1.73445
287,9.42289,-5.06307,14.7741
288,-10.542,-10.7432,0.826255
289,-18.4726,0.851521,3.57494
290,2.38063,-2.54335,-6.79221
291,12.4025,3.50097,7.02579
292,1.72331,0.430632,-9.94537
293,-11.5839,-6.17037,9.48318
294,-17.0018,-0.799467,4.57057
295,0.809375,7.93713,-0.098559
296,7.49453,0.657123,14.1664
297,-3.57484,4.04447,-2.71979
298,11.3745,-11.9466,4.64813
299,1.45657,-12.5408,-11.3113
300,-9.78036,0.845406,-12.2331
301,-2.94288,8.60802,-15.0273
302,6.46341,-6.19623,11.571
303,-12.1428,5.92074,-7.29183
304,-14.1993,8.10152,2.60852
305,-1.01319,1.73675,8.93554
306,-1.58077,-6.97357,-10.9739
307,12.6562,5.94291,0.696347
308,-1.4082,-8.10884,-4.09307
309,7.45398,-2.82284,15.8458
310,-8.33107,10.2907,-12.0625
311,-9.81631,13.2735,9.61843
312,4.33825,11.3101,-4.54829
313,10.5383,2.31624,-9.62264
314,-7.02789,-13.5699,1.99814
315,-14.6897,-2.13535,-3.80297
316,2.91571,-3.07577,12.0197
317,9.59014,-4.79085,-2.28889
318,-1.15351,10.6872,11.3451
319,0.914095,9.67675,-16.0583
320,2.53191,-3.93833,-4.02237
321,-3.26158,-2.8659,-13.851
322,4.7398,-10.555,12.2348
323,9.14374,5.55912,2.27043
324,1.2846,17.2239,-8.9883
325,5.13106,9.67951,12.5912
326,7.12588,10.1395,-10.9205
327,1.93486,9.02789,6.01875
328,12.8464,-4.54601,-7.03846
329,-7.13093,12.5929,-5.38821
330,-7.64067,2.7534,-2.32516
331,-1.74964,-5.99484,2.31607
332,-0.383648,-3.57068,15.337
333,3.47546,6.74994,10.5931
334,-12.5117,-0.291713,-0.868121
335,7.05203,1.98412,-8.73973
336,-8.88794,1.09754,0.284576
337,5.36606,-11.5977,9.42794
338,-0.0753579,14.8364,-4.36622
339,6.79832,-15.339,-6.26018
340,-9.43439,3.16991,7.26042
341,9.92918,10.7464,1.18113
342,2.44695,-13.5013,-6.31893
343,4.90625,12.4883,-0.121261
344,8.90485,-7.51954,-4.5573
345,-5.16079,2.92522,12.9992
346,-7.19724,2.08467,-5.76273
347,-6.73608,-10.9273,-2.32933
348,-6.41301,7.40281,-8.52937
349,9.76922,-0.667968,-15.2237
350,-7.64522,4.28183,5.36271
351,17.127,-2.17848,-6.67485
352,5.07883,15.572,6.63613
353,15.215,-1.47354,0.976939
354,-13.7077,-4.07047,7.15414
355,-10.5534,-10.0835,-3.10237
356,-3.1302,-3.64721,-10.2293
357,5.77685,-5.59378,-17.7237
358,14.0072,7.00839,7.2109
359,-2.97345,-9.6655,-6.0563
360,-0.310163,15.4161,-7.91455
361,1.94939,4.5847,10.955
362,3.70829,-12.0927,-4.94014
363,-9.93309,-13.2864,-5.03984
364,16.9997,-3.58105,-8.71075
365,-5.93203,-10.2131,2.55767
366,-7.1635,6.91343,-6.50097
367,-9.86151,-10.7159,4.31179
368,-16.8158,-7.20785,-1.69918
369,-0.545407,-4.81216,14.17
370,-3.02248,17.5222,1.88975
371,14.196,-9.31389,8.94653
372,-4.76602,-4.26911,-12.7103
373,9.49831,3.62075,-9.66528
374,-0.815048,12.6158,9.98969
375,-3.08311,-10.6911,-14.2957
376,2.08048,0.634714,11.9296
377,3.43765,-14.8129,8.43105
378,-1.2386,-9.54264,-15.3469
379,5.43349,3.01725,10.6726
380,7.45338,14.5344,7.62723
381,-4.17553,-5.2472,-9.03887
382,5.47508,17.8993,-1.06807
383,16.0427,6.31952,-3.7944
384,-0.401373,-7.00974,-10.3101
385,11.4599,-6.72321,-10.6182
386,-6.61616,-6.68258,14.0536
387,-12.0511,-6.0037,-12.4581
388,-11.6193,-3.49421,10.2602
389,-7.91355,-6.74262,-5.34004
390,3.64768,-10.7397,6.85706
391,0.695849,11.1145,14.7963
392,10.5003,8.70614,-5.34595
393,-8.55792,-3.70318,12.1671
394,15.6404,4.16633,-10.4906
395,11.144,-0.55284,15.2771
396,-12.8364,-8.5101,-6.43837
397,11.1209,5.74538,-5.68475
398,-1.02111,-15.6761,11.355
399,-8.29988,-16.1337,-2.5035
400,-0.113202,5.89424,-0.816017
401,1.17788,11.465,-14.6371
402,-4.25908,7.70185,-16.6581
403,4.05384,-5.29235,8.38452
404,4.44527,7.48179,-7.84827
405,7.53992,-5.65336,2.11927
406,-12.1712,-3.54547,-2.74925
407,3.81007,-6.67683,4.50126
408,-12.8433,-8.95843,8.16114
409,-3.70435,-18.0324,5.82344
410,-4.62466,-4.1577,-5.41607
411,-17.1181,7.27745,1.23066
412,-12.576,-1.15077,3.71622
413,-0.205762,-11.5495,-10.4132
414,-13.6811,4.59513,-7.99946
415,1.62626,-12.1039,-13.0245
416,-2.64654,15.7616,7.15044
417,-10.3323,-10.3204,5.75408
418,2.89128,-18.5804,-4.30055
419,4.09963,-15.4716,5.93687
420,1.75577,4.62684,9.95381
421,-0.760491,-1.02851,-17.8476
422,-2.21011,-17.206,7.07786
423,-1.09379,1.20302,14.4168
424,6.14852,2.93469,6.93432
425,7.82012,4.21203,-0.927374
426,-1.46148,13.1142,1.49531
427,0.918292,-2.86237,-15.8555
428,5.60368,-9.65576,-9.06125
429,14.0027,-2.24998,6.9056
430,-3.8701,6.81321,15.9441
431,10.7887,-7.86517,7.95377
432,0.343817,-15.0701,10.0431
433,5.38082,-16.0289,-8.23061
434,10.1319,1.64159,12.3277
435,-6.99794,12.1318,10.6287
436,-6.16583,-13.983,-3.19907
437,-9.84766,-14.1849,2.99578
438,1.35686,-4.35238,-17.3301
439,16.0885,7.8026,5.51588
440,9.12002,3.344,2.44441
441,-15.3002,-10.5098,-0.897229
442,-11.2245,-1.4436,0.303237
443,4.56811,-0.603517,0.714171
444,14.6388,-8.06099,-2.69633
445,15.4846,10.9534,1.46405
446,11.8662,-5.64477,-0.302128
447,-7.28419,-5.74811,9.50962
448,-9.43706,-5.52463,9.58921
449,8.45007,12.2452,10.0048
450,7.21419,-12.0453,6.66477
451,5.53978,-8.922,-6.97454
452,-9.92793,12.6091,0.393704
453,3.04414,10.1301,13.2803
454,-18.3064,-0.811999,1.68751
455,-4.58009,-16.492,0.943739
456,3.98483,2.47098,-0.498996
457,-11.9612,12.6585,-4.04115
458,18.1191,2.22467,0.605696
459,14.3252,-8.14643,4.7286
460,2.85693,-9.26621,-10.5969
461,8.5293,-6.34604,1.09033
462,-7.32572,3.20893,11.2535
463,10.0838,15.0145,5.43477
464,-10.8394,13.1358,6.46448
465,-10.793,-3.79148,2.28088
466,-6.04192,-2.87151,0.850258
467,-7.10659,8.77923,-6.68418
468,-10.5479,-0.463554,13.9578
469,-2.60989,13.6341,-3.98886
470,-1.58817,12.8793,4.19916
471,-2.446,16.2257,5.69621
472,15.0797,7.93977,8.45182
473,-5.68048,-9.26228,-8.53315
474,1.63419,-7.29852,6.18183
475,-1.84204,0.23543,3.8364
476,7.33978,-5.9235,-14.1727
477,14.9167,-1.38921,10.2251
478,3.09027,-11.061,-12.9542
479,-12.454,2.47124,3.18896
480,-15.8999,-6.07497,-7.95616
481,13.7637,-2.09235,-2.78882
482,5.79878,15.2386,0.943866
483,-13.8403,1.73749,11.341
484,-5.68031,0.482082,9.22646
485,12.9553,-11.1384,-4.80647
486,10.4027,-4.8643,-1.49926
487,3.74709,3.40278,18.1283
488,0.590729,1.72753,-18.8277
489,12.8559,-1.26996,-6.63407
490,4.34759,18.2496,3.87335
491,7.59123,7.6743,12.3874
492,12.485,-7.72581,9.02471
493,-1.26535,-16.1132,-4.28859
494,16.7427,-3.38544,0.57074
495,-8.30899,13.1013,-0.00598232
496,8.93255,-6.5468,-15.5272
497,10.2946,-8.6089,-0.755007
498,-3.15324,0.450495,-5.19203
499,-15.1949,-2.61173,-0.101104
500,17.6123,-7.93872,-1.36075
501,9.44984,-8.53604,-2.92408
502,-4.22209,-9.57683,-2.36631
503,8.49735,-0.737179,-5.81071
504,-0.758275,-2.40117,9.51617
505,12.8489,1.27449,-0.80106
506,4.3696,8.9701,-14.5612
507,-13.1174,-5.43227,7.0944
508,13.0512,13.4439,4.74289
509,1.18465,10.7828,-12.8655
510,4.99746,-15.0983,-9.5192
511,9.9239,5.11909,-14.5841
512,12.3204,7.71487,-12.1392
513,-4.38127,-8.08855,10.6418
514,-4.9755,-6.13967,1.75963
515,3.23551,-15.4516,-6.23169
516,7.47581,-7.3287,11.0928
517,1.24357,6.67202,14.5956
518,5.10106,3.23033,-10.4614
519,3.62342,5.87518,-12.4332
520,3.45785,1.00484,11.8654
521,3.22651,-15.2395,4.32894
522,8.32517,12.5496,5.11869
523,15.2239,5.81042,10.1547
524,2.85094,4.63733,4.48521
525,10.2784,-15.035,-2.8323
526,-15.7788,7.05676,1.15116
527,-7.64973,13.336,10.3581
528,11.3607,-8.44393,9.49905
529,-17.1724,0.937844,2.4822
530,-0.662221,2.59287,5.11682
531,-5.48325,-3.12521,16.7696
532,-8.64555,7.76065,-4.24623
533,-14.8076,-0.938354,4.97209
534,-4.34581,-1.20534,-17.5179
535,-7.50267,-12.4484,3.79735
536,-3.7107,-10.7224,-5.09671
537,14.2558,-11.6198,-1.81157
538,15.7252,-2.89942,-5.50845
539,1.27586,-10.46,0.311948
540,5.68005,13.1426,-11.1688
541,-0.419166,-2.5946,10.6685
542,-10.7253,-4.85167,-4.08424
543,0.378723,11.3153,-6.76539
544,0.400391,-15.3063,11.0793
545,1.23172,2.85609,-13.2018
546,-7.531,-14.6992,-8.56765
547,-1.27033,10.5914,3.74288
548,-12.4317,5.39887,-4.09764
549,-7.22967,-16.9505,-2.21829
550,-7.71469,5.71323,7.61348
551,-3.27621,14.3381,10.0391
552,-13.573,-8.61208,11.1792
553,-17.2015,-7.74034,-3.99085
554,10.4276,6.62047,7.85578
555,2.32145,9.23958,8.85189
556,-3.69907,-1.40087,10.4872
557,-4.39307,-1.78469,-1.78755
558,5.68874,11.2405,11.2747
559,-5.67332,15.9391,-9.14475
560,5.52277,-5.14292,-9.90076
561,2.86487,-9.83794,-4.82962
562,-12.4378,8.48834,-11.0334
563,4.1833,-4.95992,-0.518186
564,1.33282,-0.874359,-6.18822
565,9.12059,-12.9051,-3.40397
566,-13.5444,2.6162,11.8783
567,-3.32932,13.1801,8.24158
568,8.47651,4.43663,-15.9793
569,-15.2002,0.925845,4.88058
570,0.251777,14.8131,10.5472
571,-10.3057,4.21553,-6.454
572,5.16367,-14.6376,8.09481
573,1.48854,-3.15582,8.76615
574,-5.21351,-6.74672,-14.3242
575,13.5927,2.50544,12.1452
576,-7.24889,15.6851,0.830993
577,-3.0906,-13.9932,11.1247
578,14.1366,-11.6566,1.96187
579,4.28263,-11.656,0.401587
580,-2.08419,16.4573,1.75486
581,10.5598,-0.997523,10.0594
582,-0.732245,-2.93174,-12.7046
583,4.09643,15.885,-5.548
584,-12.115,6.26676,4.2066
585,5.71416,4.8504,13.2389
586,8.3459,-8.55899,13.8327
587,17.884,2.32462,2.37748
588,15.5551,2.66486,8.70597
589,-2.29185,15.8017,0.865788
590,10.3917,14.3632,6.69744
591,5.74,2.90299,5.65716
592,10.2343,-6.93264,13.2968
593,-5.30137,-1.07758,-18.6909
594,5.58099,8.39994,7.11012
595,-1.2469,11.9153,1.92378
596,10.391,-7.79597,0.218201
597,11.6663,1.40987,6.65425
598,7.73991,-10.5136,2.05989
599,-4.19778,-0.255495,-2.37955
600,6.4722,-10.0593,-12.3492
601,-17.8646,-3.89183,0.797429
602,-11.2123,-6.17297,-6.13387
603,-1.34447,-6.86675,15.5155
604,-1.81064,-0.97753,3.11738
605,-2.49259,-3.97277,-0.405426
606,5.84854,16.4717,0.378138
607,6.09375,2.40426,-11.5676
608,6.54444,-15.1797,-1.91027
609,-2.43956,-4.11909,-5.66694
610,18.0346,4.32347,-1.59755
611,1.8996,-10.2714,5.39903
612,1.50048,2.06341,-7.97758
613,2.38303,-4.59775,15.6718
614,-12.0927,-11.2289,5.83286
615,-6.02808,-9.2017,5.57872
616,7.17262,-10.8157,7.43632
617,9.27919,9.07001,0.543887
618,-3.48475,11.5642,2.32707
619,-3.82518,14.5539,2.98703
620,-0.440568,3.28647,-19.1915
621,5.31454,8.06968,-7.00736
622,-10.1381,-8.04611,9.14518
623,-3.67451,6.07087,4.22625
624,-13.6242,8.83102,4.09838
625,-4.0268,17.9406,4.598
626,-14.5434,-2.95157,-5.53481
627,0.250672,-7.54786,3.28248
628,-4.70112,-13.1297,-10.7622
629,10.5132,-3.83594,14.2932
630,-9.68691,-2.80806,-1.51086
631,12.6079,-4.84267,2.7733
632,2.67865,-3.13933,18.7518
633,-6.58173,4.80446,-15.7012
634,10.1545,7.54813,-4.19971
635,2.18875,-1.40707,-15.68
636,12.7021,-10.5089,6.6083
637,13.2768,-0.509698,-3.51334
638,-1.85699,-4.61653,-10.0015
639,-7.69542,-4.99741,16.6105
640,9.52576,-5.27863,10.3231
641,1.56963,-17.8138,-7.55253
642,16.0343,-5.14899,-4.87554
643,-3.89383,-1.55056,7.45021
644,9.92036,4.25263,-13.1971
645,1.11423,-11.0888,15.5372
646,-7.85257,-11.1506,10.4659
647,-14.0692,-7.16887,-8.39113
648,-4.81096,-3.24778,6.57091
649,-3.58566,-9.83939,8.66102
650,10.8832,-13.5161,1.34056
651,-0.677961,-1.01077,15.984
652,-10.0959,-14.756,-1.48828
653,-0.502936,16.1526,1.71591
654,-5.96906,-12.2311,-9.14694
655,6.93502,1.80695,3.40584
656,-4.94232,-0.0761308,-18.9162
657,0.836401,-13.4719,-7.81346
658,1.24802,15.5386,5.12861
659,2.13021,7.73513,-14.6401
660,5.05623,-9.91529,-2.66114
661,2.53209,-7.36807,-10.2237
662,-10.8376,-11.9631,5.29232
663,-1.87869,-16.9815,8.47799
664,1.66019,4.61241,6.12459
665,-9.94792,-2.04459,-7.10298
666,-0.473943,-3.09275,2.70615
667,-3.73809,-10.3504,-15.9516
668,12.04,3.1518,12.2077
669,-3.07665,-10.8811,-10.4865
670,14.992,5.70612,4.76704
671,4.03264,-14.6783,-5.37047
672,-16.1173,-5.75047,1.28996
673,-14.0828,10.1754,-4.40715
674,-9.7877,-1.91014,9.95046
675,6.15756,-0.0786911,3.69335
676,-7.03233,-5.27721,2.38433
677,9.91285,14.6378,-2.45324
678,-10.3526,2.0016,-15.4747
679,6.37625,14.424,-3.88907
680,-6.86424,-0.394355,1.92412
681,-2.42764,6.18981,2.49307
682,0.896067,7.28359,7.35782
683,-3.15293,-14.9575,9.00133
684,-11.4564,-13.111,-7.11647
685,2.24823,-12.0824,4.65048
686,-1.6124,3.61694,7.81259
687,-13.3222,11.9526,6.92281
688,-9.54549,14.6912,1.18862
689,-12.1048,-1.55322,-3.89696
690,9.75186,7.12109,8.58914
691,0.86156,-0.607142,13.0887
692,9.55779,-5.69557,4.45415
693,14.5833,4.1982,-12.3065
694,-3.5873,9.62969,-10.3091
695,13.8585,4.66193,8.08759
696,0.174153,5.74219,17.0593
697,0.660827,-0.658427,11.4997
698,16.3677,4.28677,4.1512
699,-0.381591,-10.6508,8.31966
700,-12.0584,10.8225,-3.82125
701,-2.39935,-13.3482,5.1836
702,10.7042,-0.089506,-6.8135
703,-4.24321,10.998,-1.07557
704,7.64381,-3.22891,13.7541
705,10.3527,-2.10743,1.96438
706,15.0583,-11.4779,0.0208282
707,16.5417,6.15813,6.77911
708,-7.17104,-0.198023,16.1632
709,-4.33065,8.16266,15.8042
710,-10.572,14.0804,-0.0150902
711,9.82221,-11.8786,2.06371
712,-11.44,-8.99708,5.81383
713,-5.70626,-1.23546,10.449
714,-18.462,-1.81318,-0.945192
715,1.90951,14.9872,7.4804
716,0.15689,15.334,11.4232
717,5.32565,-12.2326,-8.8797
718,7.71038,9.1521,6.31911
719,-9.01086,-6.28008,11.7973
720,-6.63384,16.0906,-0.908696
721,-11.3053,-4.63499,9.52375
722,8.88004,-14.5788,-5.18662
723,1.41299,11.8326,-3.66284
724,-0.730161,4.29148,1.33573
725,-9.75681,-9.70985,2.34673
726,1.73157,-9.82904,3.0446
727,0.647167,16.141,6.41551
728,12.6983,-4.71997,-9.60245
729,-1.87258,1.36075,11.3198
730,-7.77945,7.9881,-13.3248
731,-3.43181,-12.5071,11.7143
732,9.53424,-1.8942,-15.2246
733,7.43303,-16.6053,2.22202
734,13.4713,0.557463,-1.88504
735,-2.50126,-12.5545,1.54807
736,10.137,-2.31537,10.6454
737,-14.6489,6.34127,7.40554
738,13.5816,-8.06184,8.90959
739,-11.4643,-13.4135,2.40789
740,-2.78827,-6.28394,-1.02879
741,9.28371,-10.3028,12.722
742,-4.30074,-0.656047,-6.5213
743,6.76943,6.11263,3.75743
744,-12.8534,10.603,-9.33256
745,-13.3882,6.98936,-11.476
746,-11.778,3.81873,3.81751
747,-0.509022,-11.296,-9.26291
748,-13.9773,-0.19307,-7.34976
749,7.00486,-1.05924,4.25026
750,6.11429,-15.5847,-7.20177
751,14.8273,-3.49613,10.5949
752,6.66114,-5.53315,-8.44277
753,-3.60001,-7.57119,12.7209
754,-6.62615,8.1488,-0.6876
755,-13.1465,-7.3561,8.63289
756,9.15187,16.9961,1.72846
757,-2.65231,-6.92525,-4.46648
758,1.51271,14.2549,-11.9624
759,6.30395,-9.4542,-13.3847
760,-5.85755,-2.58224,12.7231
761,-1.0547,3.16678,1.64716
762,-1.97263,-1.89882,-15.1035
763,-3.2497,-5.64481,-7.14322
764,0.822325,15.5331,-5.6651
765,2.52338,6.00838,-1.23869
766,15.286,-3.15587,8.54472
767,-10.212,7.61212,-6.86505
768,-5.95954,-4.90427,-6.8036
769,2.40002,16.5023,9.14609
770,-14.7226,7.82806,1.09454
771,-5.28026,-3.86954,-7.39089
772,4.49709,14.7276,-2.89428
773,2.51546,-13.5022,9.87529
774,9.66527,6.44932,-7.76939
775,-6.83957,1.62033,12.5443
776,-11.9302,7.62531,9.24099
777,3.43042,-4.29996,5.83859
778,8.76134,12.8761,-9.70415
779,-9.56224,-15.5448,-6.04321
780,0.488211,-1.16967,-4.93479
781,-3.57463,-8.98198,-9.63412
782,-1.7735,-8.67795,17.2807
783,-9.87692,-9.07347,-7.96997
784,0.965934,-9.12949,-16.6197
785,8.47823,15.2473,-2.69618
786,-6.4053,13.9473,4.82587
787,-7.26476,8.24709,-3.20233
788,5.43829,11.9699,1.5562
789,-0.00270573,-2.31438,-15.5844
790,-4.1799,4.46719,-17.0715
791,-10.1667,12.1414,-5.10546
792,6.04198,-4.60636,-16.6432
793,7.8823,10.8059,2.6608
794,-9.34528,8.94579,-2.08883
795,-1.00194,8.77406,-14.3856
796,-4.11902,-0.770715,12.4066
797,12.5917,1.27019,9.53861
798,-2.22426,17.5927,-3.59998
799,-12.8227,-0.601262,14.2023
800,-11.2639,5.48188,6.01804
801,10.4415,6.00078,-9.10906
802,1.28085,-11.5029,12.7678
803,-5.004,-5.86219,-2.20362
804,-8.22562,11.3499,-9.51665
805,-6.88984,15.9461,-7.84907
806,15.8724,-9.75869,-0.962931
807,14.3058,-4.8902,11.621
808,-1.03465,-16.265,6.71539
809,6.0163,15.8485,-0.99746
810,-4.58354,-5.89172,-7.12986
811,-4.14569,5.08412,6.50349
812,-5.48849,2.20151,3.51871
813,0.268052,-3.43827,12.6525
814,8.30993,-7.34525,15.5244
815,-0.544937,-13.12,5.67974
816,6.59509,2.57866,15.4378
817,-10.7643,-6.82693,-8.17395
818,6.76815,13.2648,-1.39897
819,4.99875,-14.7524,5.35233
820,-7.08837,-10.6579,0.741905
821,11.5218,-14.271,4.66977
822,12.7782,-6.47986,-7.01302
823,-3.10039,-13.575,12.3243
824,-9.63908,10.6713,-1.92247
825,-12.4225,-10.8142,-7.04067
826,12.6411,8.24402,10.6737
827,-4.84664,8.80022,-6.10806
828,11.6644,-4.37144,-14.6549
829,-2.91737,-12.0118,-14.9638
830,7.7507,6.54668,6.68042
831,2.25111,-6.71553,10.5763
832,-0.33828,10.1833,14.3157
833,0.970253,3.17292,0.861565
834,-3.25872,2.63152,12.9613
835,-6.22128,-6.10531,-14.621
836,-11.403,-4.82198,7.8284
837,-9.60926,-13.3845,-1.18221
838,-11.0654,5.45381,-12.6922
839,-0.653028,-2.40867,-13.5775
840,-1.76749,18.5124,-4.86975
841,4.87025,9.80865,13.9725
842,-5.41313,4.21522,7.85387
843,-1.99792,-0.662797,-17.0197
844,-2.07011,16.3875,9.91875
845,12.5919,10.2563,1.77134
846,11.9423,-5.48243,-5.12809
847,6.73002,12.6807,7.28325
848,-6.27757,-14.324,-9.73664
849,-4.4445,10.692,10.9808
850,11.3703,9.35068,-4.25644
851,1.92278,14.9115,4.55363
852,-9.17108,-2.54034,4.84663
853,10.8328,-10.1333,11.6134
854,12.4104,7.09111,8.04742
855,1.13123,2.23408,-9.63823
856,-4.06423,-7.42136,2.57337
857,6.74871,9.30901,-6.0185
858,-3.71932,14.8113,-11.0579
859,-9.676,2.95509,1.92245
860,-13.1367,8.59764,10.2644
861,-11.1083,-6.54333,14.5652
862,3.92778,-2.54046,16.8459
863,-8.23824,-4.87343,14.4698
864,-1.45601,-9.38453,-12.3013
865,-8.83749,0.117918,-11.9024
866,-15.2959,-3.94672,-8.72289
867,-17.0391,-2.23564,-1.31397
868,-12.6629,-3.66977,1.28656
869,-15.647,-9.24854,0.588233
870,-13.8926,-5.93701,3.45217
871,-2.05017,8.66418,-6.90289
872,9.01168,-4.72154,15.955
873,10.0426,-5.71829,8.25782
874,2.80684,1.76517,18.8337
875,4.87514,-7.4532,11.7967
876,-0.254104,-7.3004,-5.00205
877,-8.80834,8.15069,-8.61499
878,-9.08329,0.539629,11.0607
879,-11.0984,6.61659,-6.13431
880,-3.76336,12.0032,3.99601
881,-6.92651,-9.62654,13.1545
882,-3.20694,16.1532,-2.83619
883,-3.54765,-4.86058,1.49499
884,6.73022,10.1818,2.18154
885,-0.448423,2.35458,12.8098
886,12.2967,-0.469773,-3.88588
887,2.92299,3.58792,0.739303
888,-15.3951,0.56666,-3.24689
889,5.41186,-10.1945,2.2946
890,-8.17892,15.9694,-3.81106
891,-2.58113,6.37776,-10.3723
892,-15.6385,6.19798,-5.18952
893,17.003,-3.16741,8.38962
894,-0.821813,-13.7213,7.41862
895,-7.31186,-13.5012,-0.3408
896,7.34008,0.339254,-1.8582
897,-14.1965,11.5295,6.27852
898,-16.0814,1.08039,2.32261
899,-3.89077,10.898,7.17148
900,-1.9696,-0.16776,-6.40717
901,10.3014,-6.48325,12.3975
902,2.15162,-8.96719,11.8813
903,-3.00793,9.30407,2.43719
904,0.70921,4.21977,13.662
905,-2.14198,9.2076,-16.4188
906,13.9335,0.599363,2.31109
907,-8.92088,-8.56717,6.14387
908,-6.45343,-3.22924,-10.9086
909,-9.54053,-2.62087,11.1163
910,-3.87999,8.07106,-15.6426
911,4.32956,11.2581,7.24263
912,13.3372,-2.34135,-8.30918
913,0.43658,8.80288,17.0734
914,4.37366,13.234,-9.08606
915,-4.61083,16.5557,-7.7403
916,-12.4271,6.38623,-2.64623
917,5.49914,-5.62238,3.62519
918,9.70272,-1.84965,-0.0262963
919,4.98706,14.5103,8.06541
920,6.77418,-5.60519,12.6257
921,6.15115,3.67737,-10.2472
922,-2.22163,-11.735,-8.33708
923,4.75026,10.8224,5.48797
924,-1.84529,7.26202,-12.4164
925,3.32524,8.8646,-7.76827
926,9.27938,-3.09003,0.846808
927,1.28058,4.80865,12.644
928,-2.31839,11.2339,4.30433
929,5.83893,17.3785,-6.37809
930,17.2909,-3.20255,2.19255
931,9.38654,1.02472,-10.21
932,-3.94364,3.11693,-1.42147
933,-14.4005,1.13862,-10.46
934,-1.5877,4.39523,-2.546
935,-13.1218,7.69052,-9.39485
936,-11.3235,1.17761,13.2058
937,2.62577,-12.8833,-11.5684
938,1.41483,-2.96692,-11.5342
939,-11.4107,-4.73458,-4.97621
940,-6.45631,-1.33663,-9.41124
941,-5.89189,-5.98151,13.0805
942,13.209,14.3403,-0.770502
943,-0.911097,16.3392,5.06666
944,11.7778,-2.38334,11.8021
945,0.477534,-9.93695,16.126
946,6.71386,-3.15843,7.47216
947,3.13503,16.6837,-8.16845
948,18.0295,-2.97456,1.29259
949,10.4156,-5.82045,1.61255
950,2.45059,7.39713,10.4462
951,5.93263,-12.9344,-5.58112
952,12.9207,5.9614,-11.072
953,8.22794,2.49968,-1.39746
954,-1.378,-15.6608,-10.5223
955,10.4256,14.8623,-3.30934
956,15.5689,4.30134,0.447855
957,-1.25228,11.9817,-6.44785
958,-1.81274,5.07654,-5.08073
959,-5.60235,-11.2866,13.3753
960,-13.5288,2.32776,-4.46513
961,-3.99803,-4.16768,-9.81853
962,-5.66674,1.53938,1.66516
963,-15.4765,-4.58829,-6.72946
964,-5.83528,-7.23721,14.5318
965,5.23208,2.19439,2.36383
966,8.52709,-1.1071,12.5165
967,7.96723,0.48423,9.00593
968,-0.59315,3.09811,9.40799
969,7.13417,5.59918,2.53335
970,-16.3654,7.82181,-7.02036
971,4.31181,6.79522,-17.6636
972,10.1317,-11.1971,6.74303
973,0.785954,16.8252,1.74979
974,11.2181,-3.13511,-15.4338
975,-4.00319,3.64232,0.220504
976,3.56371,-7.99414,-4.99611
977,-14.8912,-1.15664,9.67767
978,9.81707,-9.54386,11.9914
979,-0.441827,2.83892,-1.2032
980,2.30638,-14.8889,-6.27274
981,12.3992,-2.50478,-10.0246
982,8.80394,10.9466,-5.74917
983,-7.06966,1.18312,-11.0103
984,1.57281,14.5116,-4.53259
985,-10.2912,2.99456,3.30912
986,-0.763435,2.54792,7.98094
987,-3.53987,-5.01034,7.87888
988,-4.23262,-11.1529,7.1269
989,-3.13726,-15.5277,1.94814
990,-2.21199,-8.1652,5.31783
991,1.22975,-12.1237,8.70672
992,-15.6389,-9.42315,-5.60285
993,1.56819,-3.13243,-18.7998
994,-11.5554,13.2815,-7.10122
995,-6.48805,-12.9775,11.6957
996,-5.6378,-3.07763,-4.18119
997,17.4037,-6.29604,-3.62326
998,2.84358,-17.4515,-8.00603
999,-3.92163,-7.52004,-0.873262
1000,-8.18092,-2.12115,3.22987
1001,9.76526,7.61549,6.96115
1002,2.37204,-8.39848,-2.54869
1003,13.1247,1.36923,-5.0431
1004,-2.24664,-9.59315,16.0578
1005,0.734318,9.12668,-14.4878
1006,0.483295,-3.91585,-12.0012
1007,10.6888,7.29305,-9.62757
1008,-3.90224,-0.12695,4.82711
1009,5.77373,-6.01985,-1.24427
1010,-2.51377,-16.9294,6.06022
1011,3.98305,0.752254,-0.319814
1012,-13.6403,-9.20985,2.97898
1013,8.52019,-2.6649,11.9468
1014,2.09743,4.0845,12.0058
1015,-0.000753467,-3.89358,-14.1622
1016,7.8289,-8.29101,-14.7825
1017,7.87544,-15.1722,5.4136
1018,-3.00377,9.00614,-6.37437
1019,3.16796,-5.40863,-14.9427
1020,-4.82069,18.0649,0.503862
1021,-8.59283,2.82215,0.746646
1022,-2.33423,4.97132,0.932015
1023,8.35668,-16.22,-2.33751
1024,-1.45362,5.18536,3.66798
1025,1.35815,-1.30913,3.23945
1026,8.08135,3.11663,-9.82153
1027,-2.66677,-1.77984,-0.0342033
1028,-2.68802,0.874779,-2.19766
1029,9.46996,-15.7187,-6.05046
1030,5.04069,-12.4324,-13.6005
1031,10.3152,-9.85171,-10.8332
1032,0.24824,15.3967,9.54744
1033,10.7675,12.9936,0.0706968
1034,1.07096,-15.6198,-9.10375
1035,3.00619,-0.408361,16.1544
1036,-8.97438,-3.6046,1.71108
1037,-2.11887,-2.06713,2.73989
1038,-6.90001,7.44333,-15.1781
1039,1.13981,-10.5453,-12.6647
1040,-0.32996,-11.3872,-11.4362
1041,0.656357,9.43848,14.2157
1042,-9.1596,12.8788,7.78901
1043,-4.74448,-8.75606,-11.083
1044,-1.94616,14.6385,-11.1565
1045,-1.01411,-3.57546,-3.07781
1046,14.1844,-4.64763,3.96951
1047,-9.4715,-8.83732,-12.7564
1048,13.2451,-7.10909,5.60512
1049,1.60213,-4.25422,-2.96172
1050,-6.06342,6.98755,5.97009
1051,-10.2079,0.729141,-4.01444
1052,-0.891512,0.185497,-19.0358
1053,-0.908062,-3.82741,0.504553
1054,6.29616,14.2499,-7.89202
1055,-5.15488,2.61885,2.53342
1056,15.3676,-0.795227,-4.67013
1057,10.2175,8.80238,-4.07047
1058,8.66783,-14.5153,-2.28522
1059,-5.01998,0.39962,-17.4229
1060,4.60844,8.7326,9.96943
1061,1.41495,3.53866,14.3007
1062,13.4272,9.1066,6.07957
1063,2.36731,1.40441,5.90159
1064,-16.4808,2.66856,7.63369
1065,-15.2059,8.77125,0.811581
1066,3.82258,8.20488,-2.61404
1067,3.76919,-16.652,-7.66737
1068,2.2996,-16.2287,3.98754
1069,0.569089,0.977005,-3.37594
1070,12.2169,1.7525,3.63127
1071,12.6501,5.18773,-4.14275
1072,-8.46092,10.1436,11.9785
1073,4.20679,-13.2344,-6.04839
1074,-8.05171,1.63828,15.9134
1075,-7.87422,3.68951,6.3431
1076,7.97225,-9.73785,0.0433588
1077,-9.24562,8.04361,0.591425
1078,-11.1425,-1.79863,3.36147
1079,17.7396,1.71509,5.45719
1080,9.20192,5.33935,-1.92674
1081,-3.25508,13.1424,-8.32957
1082,0.64197,-14.5378,-11.8537
1083,-6.02143,-0.159477,-9.37479
1084,2.52741,-11.1838,-4.09069
1085,-6.39273,-0.240814,0.529873
1086,2.12175,-15.5815,-8.44234
1087,-1.41749,-4.42739,5.29882
1088,3.05579,11.2106,-15.4591
1089,-7.71728,0.153007,-4.61784
1090,3.97548,-5.34748,-10.5997
1091,17.4467,-2.58681,3.34391
1092,14.2015,-5.44449,-1.9657
1093,-4.40336,-12.3673,-14.3544
1094,-6.52357,3.36302,7.50411
1095,0.0891943,-14.3365,-3.96811
1096,-4.38248,-10.1117,-10.4809
1097,4.8563,13.9256,3.85226
1098,6.41072,-12.1041,-6.51902
1099,-9.81704,5.82561,13.7716
1100,5.85993,-4.46697,-0.828358
1101,-0.0904897,9.18639,10.1342
1102,0.715899,0.118826,16.6252
1103,4.75385,-5.92962,-7.67283
1104,13.0651,6.14536,13.2248
1105,-14.2791,1.75052,6.93571
1106,-6.6064,-11.2921,13.2544
1107,17.7748,-1.84337,1.23935
1108,8.7451,-6.48257,-9.9714
1109,7.13463,-8.49963,10.6605
1110,6.67245,1.19205,-16.6092
1111,10.5844,13.0147,-8.31607
1112,4.03495,14.2671,-3.9503
1113,14.3109,-4.18695,1.69395
1114,-2.08634,-2.4414,-8.76838
1115,0.60795,1.74666,18.0864
1116,8.28533,3.72191,-14.9844
1117,7.15261,-1.02981,-1.66
1118,-13.2414,-2.20058,-0.340304
1119,1.07509,12.5977,10.8833
1120,-14.0535,0.109487,-11.727
1121,-11.5049,-6.15345,1.06913
1122,8.75163,-4.20572,5.57456
1123,0.230644,16.1376,-4.88038
1124,0.354767,-4.98056,-17.0536
1125,-3.24215,-13.3588,-10.3335
1126,5.89942,12.6771,-8.26591
1127,4.59762,7.459,-13.3249
1128,-0.227728,-5.08379,-3.46234
1129,-4.15041,9.5553,-9.43392
1130,-3.62008,-8.1383,-15.4364
1131,8.47982,13.6874,7.76165
1132,11.2923,-5.07128,-3.08508
1133,-11.1826,-8.42154,0.014574
1134,-6.29167,-12.7945,-7.98081
1135,3.76527,-7.77775,3.83162
1136,-8.11404,2.99916,-4.37267
1137,-6.09742,-12.1785,1.39842
1138,0.0296632,17.2184,7.15379
1139,-4.68651,15.9994,-5.4295
1140,-2.34979,-6.68282,-6.12115
1141,5.4868,14.4725,11.1658
1142,1.36712,18.9689,-1.7927
1143,-8.08941,9.67631,-2.26471
1144,8.51101,3.29436,4.71929
1145,9.37796,-1.41302,5.43357
1146,-11.0038,-0.0413255,-14.7827
1147,-7.23549,11.8085,-9.33834
1148,-3.22311,12.8186,-2.38785
1149,-1.71206,-7.95294,15.3061
1150,13.0954,3.17706,8.26115
1151,3.79489,-2.80967,2.78805
1152,0.270506,-4.86999,-8.0561
1153,8.79334,5.98197,13.9982
1154,-5.22427,9.99696,-10.2944
1155,-1.3433,-18.8327,5.0186
1156,8.01257,14.1484,-7.65338
1157,-0.395244,11.938,-10.745
1158,-14.4166,9.44301,0.880947
1159,-13.0983,-5.84694,5.1617
1160,1.6909,2.90211,2.46839
1161,-6.77363,0.375148,-2.79862
1162,-3.11478,-12.7197,-14.2732
1163,0.588414,-7.47623,-1.43013
1164,7.12828,8.2083,-4.71026
1165,2.03365,1.10128,-17.3697
1166,18.0364,6.68804,1.88508
1167,5.15466,7.71011,-8.55226
1168,6.74392,2.54998,8.53271
1169,-14.6702,-9.84967,-0.201176
1170,3.72291,16.4683,9.24864
1171,-14.7848,4.67253,-6.485
1172,7.28936,5.617,-9.82392
1173,-6.67713,7.01314,-11.5863
1174,-18.4968,-0.355059,3.20613
1175,16.9084,0.313683,-8.15494
1176,13.2846,-9.36932,9.62272
1177,-9.6697,-6.91732,-7.80567
1178,6.089,-4.41091,8.81908
1179,5.71803,-2.87013,7.34199
1180,13.3168,13.4558,-3.26141
1181,13.0849,-10.2975,0.681468
1182,16.1847,-1.60947,1.28929
1183,-9.50535,6.47801,4.37352
1184,-12.0168,3.34297,-1.95828
1185,-3.61296,-4.09242,-13.9602
1186,-9.16303,6.10668,-10.9705
1187,-2.20799,11.5973,2.04025
1188,-6.55967,-7.53564,-10.3895
1189,10.972,-6.87696,-12.1576
1190,6.74759,2.97198,12.6027
1191,-12.6944,1.40554,-11.8745
1192,15.3432,0.286166,-1.76274
1193,11.4352,-7.65085,-3.59582
1194,-8.44687,3.79304,-9.91819
1195,-5.25561,-14.6828,8.55674
1196,11.7241,-9.4475,4.90383
1197,6.6579,-11.56,-10.6243
1198,1.81961,-9.91404,9.36869
1199,-13.6028,-12.0755,-5.2286
1200,3.7383,-6.57355,15.5288
1201,-1.22652,8.10219,4.86639
1202,-16.4046,7.03785,5.08274
1203,8.23256,13.1924,1.16997
1204,-11.3849,-3.94229,-14.037
1205,2.86441,-1.21659,-2.01708
1206,3.21351,-13.7388,-7.5386
1207,12.6811,2.61696,2.5823
1208,-7.41619,11.2536,-10.5618
1209,-2.70606,6.01315,7.69148
1210,10.5162,4.54139,-8.42628
1211,3.66868,0.782589,-18.4052
1212,-2.65708,15.5115,-6.57617
1213,5.29194,-7.3353,7.02984
1214,5.37663,5.40439,9.17682
1215,6.13773,4.28704,10.4282
1216,-14.39,-0.168026,5.59917
1217,-12.6658,9.46507,8.50833
1218,-1.38189,12.6039,-8.18462
1219,1.50612,-2.76054,13.3999
1220,-13.4457,-0.643345,-10.0752
1221,13.3411,-10.9737,-6.5083
1222,-0.78831,6.91513,7.04082
1223,13.4684,9.05526,4.06003
1224,10.4984,-12.8117,-1.14884
1225,11.4769,-14.6942,-3.89663
1226,-12.4555,-2.66631,-3.69183
1227,2.1038,-8.28735,-11.1591
1228,3.24122,-1.25284,2.45066
1229,9.44594,2.79608,14.9673
1230,5.64894,-5.59616,-3.97746
1231,6.4003,6.70617,12.8096
1232,3.05182,-14.4115,2.91772
1233,6.46043,14.215,11.0057
1234,1.68282,9.87145,-9.36954
1235,6.92621,3.71247,1.53931
1236,2.07357,0.186002,-13.5808
1237,-9.77933,6.79413,9.49227
1238,-5.64696,-16.0773,-2.21403
1239,-7.58604,2.86811,-11.6528
1240,-7.59974,1.44081,-9.72791
1241,-9.54652,4.18853,4.23953
1242,-11.9681,-6.77043,-10.1306
1243,9.87718,-2.1979,-5.64035
1244,-2.66206,-8.87331,-12.8754
1245,3.86328,-6.6601,3.08413
1246,-8.02865,-0.509222,-6.17816
1247,1.29861,6.31955,-3.24594
1248,14.1621,-4.96048,-4.54801
1249,5.93782,12.8224,-4.06673
1250,-0.213127,17.1519,-7.66815
1251,-7.37534,4.1848,-1.57114
1252,-6.19432,-16.4936,6.64855
1253,-10.7272,-1.16273,-4.51873
1254,0.138027,-15.5543,8.79374
1255,-2.00632,-12.8206,-6.48319
1256,4.72304,-13.9371,-6.67643
1257,5.75259,16.4397,8.17929
1258,-8.85559,-14.2256,-4.65886
1259,2.88876,-10.3997,5.27894
1260,11.5016,-4.49818,-4.24688
1261,1.78733,-0.225076,16.7187
1262,16.4997,-3.05185,-1.83368
1263,2.52124,0.160423,-16.6495
1264,-5.16082,8.72107,13.1452
1265,3.17664,-5.40539,10.2989
1266,-7.2289,-1.06031,-13.655
1267,4.05483,9.55258,-7.65537
1268,-15.3774,-0.211497,-11.9891
1269,4.75808,-8.27706,14.7964
1270,8.79001,12.4053,-5.52709
1271,4.0207,6.96144,-6.40517
1272,-3.4832,15.3306,11.1166
1273,10.5373,-3.16945,-2.70838
1274,12.7882,-8.98302,-4.51693
1275,-3.49532,3.36701,2.80184
1276,3.61547,-8.39752,-6.75449
1277,16.6163,-7.24339,-0.660393
1278,12.6102,11.6602,7.51526
1279,-5.44349,7.74426,3.10538
1280,1.24962,-10.1761,-10.5547
1281,-8.20632,-13.9557,8.19889
1282,-7.84549,-5.99928,6.54647
1283,-0.337335,-9.162,15.2552
1284,6.7664,-4.93478,-7.63486
1285,-1.81496,-1.17608,4.70626
1286,14.2033,-7.30097,-9.9313
1287,6.10721,3.953,13.6417
1288,-3.03031,11.4632,-1.29565
1289,-8.28716,-1.43232,11.0484
1290,2.85288,-1.93888,-12.7494
1291,3.97292,-4.90449,-3.39754
1292,4.97475,-13.5574,-5.09498
1293,-0.775427,15.0899,1.29171
1294,-4.78347,0.859064,18.2852
1295,13.2399,-9.25362,6.10813
1296,8.35988,0.846972,-2.93032
1297,-10.6638,7.32497,2.40846
1298,-16.2858,4.2609,4.02865
1299,3.3828,-5.54575,13.6158
1300,-9.52285,-4.16835,8.53627
1301,-10.7579,6.17453,2.64775
1302,18.0057,1.02376,4.62243
1303,-9.28073,-5.92492,-5.49182
1304,9.16228,-10.1429,-0.348558
1305,5.5911,8.07845,-2.73389
1306,7.16096,2.1382,4.92529
1307,8.36349,-2.36548,-8.22391
1308,10.0416,4.22263,-5.60163
1309,9.43218,-10.9893,-11.3061
1310,5.62251,-12.0538,2.64069
1311,7.25123,-11.8064,9.71497
1312,11.8549,7.50079,-1.13597
1313,2.22846,14.7824,-2.31866
1314,-12.229,3.14186,9.40602
1315,11.0763,-0.567918,1.62714
1316,0.194887,-1.44594,10.505
1317,-7.70004,-3.16417,-11.8784
1318,18.5511,-1.13987,5.45725
1319,7.16925,0.0491927,10.4083
1320,12.3918,-4.61065,-5.34052
1321,12.8672,1.9959,7.0567
1322,-0.404891,-1.36221,7.42474
1323,9.39424,-3.49074,-0.381873
1324,-2.33878,-1.21469,-18.2816
1325,-16.5279,2.02916,2.56681
1326,-11.0566,7.56113,0.012408
1327,-4.36258,17.5581,2.00439
1328,-7.31865,-14.3821,5.42355
1329,-0.0839509,-2.27147,-16.8259
1330,-12.6073,12.2669,1.11985
1331,0.11577,-10.4736,-5.29921
1332,6.38442,13.5397,9.98201
1333,-9.34526,-3.72747,-0.96639
1334,13.459,-4.37078,-3.38727
1335,-2.49256,6.77801,3.85328
1336,-1.41161,-0.627666,-9.79384
1337,7.79777,-1.03141,6.79909
1338,3.56945,13.2316,-6.57003
1339,3.1052,1.85398,-11.5907
1340,4.04169,18.2768,-4.68445
1341,-14.1502,3.66243,-7.01417
1342,-5.32156,-12.3761,6.03463
1343,-10.5911,-10.8822,-11.8742
1344,8.30715,-6.18575,7.02725
1345,8.61099,5.16102,4.53679
1346,2.36732,-15.3739,-2.33102
1347,10.9778,-1.45078,-13.6758
1348,13.8436,-3.30547,-0.0380633
1349,-3.2486,4.02807,-11.5755
1350,-9.43052,12.6427,5.15339
1351,-5.31889,-2.30996,1.72008
1352,6.58787,2.97761,-0.453197
1353,-4.01565,-16.6702,9.36876
1354,13.7588,-0.724152,-13.6987
1355,-4.82429,10.5593,2.55618
1356,17.1076,-5.27066,-5.5198
1357,-1.12198,6.26302,5.31146
1358,9.7149,-10.8285,-6.95881
1359,-12.7602,-3.33125,3.07773
1360,-2.59409,-13.5187,-11.7143
1361,-2.38044,1.47877,-5.54704
1362,3.56204,-9.59903,5.10483
1363,10.9128,-1.94258,6.03412
1364,8.84751,12.3234,-3.35776
1365,0.907488,-15.5788,6.13748
1366,-5.05776,-1.42318,7.7779
1367,-4.19946,-4.25129,18.4362
1368,3.54937,15.2875,-0.0725149
1369,1.08915,-5.84516,2.75722
1370,-6.10022,15.5673,10.2082
1371,-3.35735,-13.6906,-5.59953
1372,6.48289,-14.2771,8.25837
1373,-3.13952,-14.5371,4.09264
1374,-12.8234,11.7488,-5.70868
1375,-8.00435,-6.45737,-8.10455
1376,-12.8143,9.9521,1.21282
1377,-16.548,6.41208,-7.50173
1378,-1.4644,13.5415,-6.18178
1379,-9.37225,-3.39061,-16.6798
1380,-12.959,-10.9859,2.15353
1381,3.5135,-6.51444,0.783886
1382,4.5099,-12.2541,3.58395
1383,-4.28819,-15.0995,-6.77373
1384,5.40741,3.9409,-13.5864
1385,-15.1558,-3.48998,-10.0217
1386,4.44337,-13.0938,1.56786
1387,-9.15595,15.4375,-5.88597
1388,-6.84881,-18.005,2.55726
1389,-7.19507,-9.96528,14.4257
1390,-2.72748,-13.5019,-1.70632
1391,-4.49875,-5.63451,-18.1218
1392,15.6714,-8.64147,2.32726
1393,-3.21523,-16.0449,-5.04035
1394,-12.1574,-6.90189,-9.11699
1395,9.21217,-4.91527,-1.10309
1396,-11.6452,-6.42062,5.66249
1397,6.36345,6.97115,2.90943
1398,-5.67264,-10.7789,5.05419
1399,-7.08673,8.91715,15.2642
1400,-5.94485,-3.42605,10.2839
1401,-4.1767,-6.81258,-14.3281
1402,-15.7061,2.98586,10.5994
1403,-1.74289,-9.96734,-9.41634
1404,14.5991,-1.96094,3.75675
1405,-2.59667,-11.724,5.77298
1406,-10.9808,-2.00796,10.6007
1407,11.8588,3.36319,-5.37715
1408,5.1481,2.04822,11.7363
1409,-13.2783,2.05969,1.5343
1410,0.212079,-17.8801,-1.89736
1411,-6.95785,6.77822,-0.192625
1412,-2.84505,8.29866,11.8448
1413,2.16124,8.67675,0.374595
1414,9.93284,-1.94571,8.83087
1415,9.2928,-11.9594,-6.6145
1416,4.24411,4.96837,7.61621
1417,-18.4573,-3.26865,3.55418
1418,-11.2313,-10.3984,8.72058
1419,7.07571,-14.895,-3.32986
1420,-2.73695,8.6584,0.0141167
1421,12.5023,13.1616,6.61967
1422,10.8037,-3.39393,0.0716722
1423,19.0326,-3.09703,-0.850951
1424,8.91166,5.67524,5.43316
1425,-8.54691,-4.12477,3.41271
1426,-1.62306,5.46349,1.79773
1427,-0.867266,13.0415,-12.5752
1428,-4.08431,14.3791,-4.13731
1429,2.0002,-2.22824,-2.47905
1430,4.95828,-10.5236,-6.53142
1431,-2.82693,0.459053,-0.305071
1432,2.61267,1.36672,-15.2254
1433,11.3496,-10.527,-4.00477
1434,16.6007,2.53438,-2.80721
1435,5.47517,-0.397163,-12.4958
1436,6.03006,-3.43059,16.4959
1437,-10.5008,-8.27059,11.9744
1438,9.21684,-6.92112,-14.3719
1439,-0.101955,8.14626,-10.9506
1440,-3.80275,11.4762,-7.04489
1441,-11.22,9.77039,5.06553
1442,3.35007,-1.96001,-16.8709
1443,-9.97442,13.9104,-3.67766
1444,-5.38912,3.75866,-14.8277
1445,6.89543,-5.06697,7.863
1446,-2.70908,-2.18678,14.1381
1447,4.17858,-7.6029,10.7513
1448,-13.4766,9.10925,7.29636
1449,-8.26744,-12.9524,2.50545
1450,5.85961,-1.30592,-1.18917
1451,-12.0272,-8.0613,-8.33265
1452,-8.7098,-1.53025,-5.74108
1453,-17.4079,-5.44679,3.92469
1454,-7.95426,4.54441,15.0391
1455,12.853,3.22161,13.6449
1456,-0.00292442,1.19631,-7.28501
1457,-2.05507,-13.8128,3.9205
1458,12.8591,-0.35093,13.6424
1459,-16.7695,8.17541,5.83537
1460,5.88278,5.78203,-5.60814
1461,5.71609,14.5288,6.79206
1462,-5.03461,-9.80854,-11.5153
1463,-5.80904,-1.51293,-12.7037
1464,-8.98179,-15.4431,4.82444
1465,-12.9687,-6.6985,-7.77612
1466,-4.6418,0.147558,-9.88019
1467,10.1959,5.27457,-12.5104
1468,1.21467,-17.8711,3.4156
1469,4.06107,3.7522,13.8166
1470,16.1089,6.54701,1.04516
1471,-3.50798,3.06936,-11.4479
1472,-15.5647,8.88886,7.31902
1473,-6.10414,-5.59386,-5.99745
1474,0.185995,9.70211,3.11785
1475,6.39856,-7.99809,2.98103
1476,6.90104,-13.5752,10.4229
1477,-1.3966,-10.9968,4.5538
1478,-10.5301,7.85705,-3.67973
1479,-6.6158,-5.0105,6.76271
1480,8.02099,3.41112,13.3746
1481,1.20746,5.46436,1.66608
1482,15.3717,6.2624,3.77588
1483,-4.04739,-13.4993,8.81677
1484,12.2156,-11.6052,-0.8527
1485,15.3037,8.93905,-3.07667
1486,3.0948,-11.4816,-9.3924
1487,-5.69198,-7.96201,12.1075
1488,5.88105,2.94733,18.1996
1489,2.32934,10.8728,-14.1727
1490,8.95741,0.866883,14.7827
1491,11.1893,5.44203,-14.1026
1492,11.8708,-0.872932,-6.49685
1493,4.24172,1.95015,2.09256
1494,6.57246,1.15304,-14.3934
1495,-14.4225,11.0192,-3.72975
1496,-4.59583,-5.93978,12.332
1497,13.1835,10.0727,-2.92137
1498,-2.57603,-9.50041,13.9297
1499,-0.433783,-6.24237,-12.3818
