0,13.08,-9.97864,4.44528
1,-2.53182,0.465628,-11.0772
2,-5.57968,-1.95251,4.3944
3,-10.6473,14.3096,-2.18546
4,14.0193,8.62281,7.90066
5,11.8904,-4.54581,6.93755
6,11.9312,11.6596,4.53961
7,-13.6382,4.96304,-11.1812
8,4.11915,-10.2244,7.10676
9,3.83934,7.20293,-10.2157
10,4.80852,3.9343,-10.1638
11,0.459036,4.31226,-0.287311
12,-13.2388,-3.26059,-11.2683
13,11.1624,1.11522,13.6721
14,-2.84703,10.6613,15.2134
15,7.10573,-9.87507,-13.7577
16,-8.23193,2.69599,5.49101
17,-13.7973,1.16898,-2.30517
18,15.6517,4.86451,-1.84544
19,-0.798296,-17.3131,-4.67098
20,3.05144,-9.70659,-6.87579
21,-7.61488,0.149246,-16.6765
22,13.6594,-12.7022,-0.509278
23,8.91381,2.55108,16.6133
24,-5.64752,5.10368,4.18226
25,6.02652,7.759,-2.92902
26,11.4646,2.25004,-0.199661
27,-8.71445,10.4269,-8.41879
28,8.80713,-0.601786,-7.16751
29,-8.17082,7.95721,-5.86736
30,1.92408,8.13962,15.2473
31,-11.8586,-11.7668,5.88818
32,6.25893,9.42923,6.33458
33,6.0383,10.5467,6.63836
34,-7.01293,-2.61736,-9.70676
35,-6.23857,-1.28609,-15.2977
36,4.53574,-16.5545,5.53604
37,-6.40296,-16.4962,6.04935
38,8.21156,0.0801527,-4.39724
39,-3.13973,0.100497,-9.09934
40,8.39424,0.867619,5.6531
41,6.30583,0.509865,1.65868
42,-1.98439,-17.5896,-4.54888
43,-2.43585,8.27714,-3.25643
44,11.6082,6.52649,-10.5082
45,0.98135,-2.11686,-9.439
46,8.5582,-2.92292,-8.05047
47,13.8206,-9.31905,8.2062
48,-1.39733,-5.39901,-17.3239
49,-15.9918,-9.46062,3.78364
50,5.86482,6.74976,-15.2618
51,11.1114,0.457732,-6.6449
52,12.3855,4.35015,-2.38449
53,3.54059,5.64421,-14.4164
54,0.638507,11.1145,14.0805
55,-4.39908,-18.9181,1.5138
56,-6.72714,8.91759,-12.1125
57,-6.12764,10.645,-5.6624
58,-7.77201,-7.61653,-12.9697
59,14.151,-3.53187,9.09434
60,4.33184,0.6456,8.88926
61,14.3926,9.4578,-8.33237
62,0.620274,-10.8294,1.57007
63,-3.77901,8.17555,-6.61809
64,5.75251,-13.6211,6.54624
65,3.08705,16.519,3.05406
66,3.96866,-9.85737,15.4746
67,-10.0635,1.33287,-6.33855
68,7.65298,15.6202,-8.70962
69,18.1504,-4.7416,2.44257
70,2.21857,-15.5603,3.50267
71,3.60758,-1.65103,15.9784
72,-7.38306,9.16946,-11.0436
73,-4.64903,11.3462,10.8913
74,14.463,11.2984,-3.96243
75,-11.5254,5.13992,-6.24558
76,-4.59942,8.29672,-14.2476
77,12.9165,8.80544,5.87241
78,-8.65607,-0.237242,15.9942
79,-5.89278,-4.04231,-12.4519
80,-9.88316,-7.29724,5.34359
81,-9.7024,7.47016,8.68394
82,-1.26214,16.1063,7.02221
83,-3.14253,-2.64192,-13.5647
84,0.205403,17.88,5.84204
85,14.9766,1.48043,0.300271
86,-11.0464,-11.5356,-6.56275
87,-0.636099,-9.24754,-7.60711
88,0.275902,6.65971,2.67037
89,-0.682825,0.91642,-3.6446
90,15.829,-9.29685,4.33141
91,13.6803,-5.92042,11.416
92,14.2395,10.4459,5.95046
93,-3.57417,6.07377,8.99054
94,-0.937142,-19.1325,1.81108
95,-12.0735,0.986912,6.26691
96,-2.01435,0.894114,0.534726
97,-5.6535,-11.9762,-0.267216
98,7.92922,-15.9743,2.38393
99,-11.5638,-6.23084,9.31998
100,-8.35938,17.0855,4.07344
101,-1.16085,-0.170039,5.87536
102,4.6395,-3.14588,14.6902
103,-10.5469,-14.5556,0.178255
104,-0.653383,-4.07788,10.0598
105,-11.0004,-4.06423,10.5228
106,-8.04775,11.4907,-9.02588
107,3.99168,1.79234,15.2765
108,3.80721,-4.28965,-3.45764
109,-10.6079,10.4371,-2.83648
110,10.5473,7.79873,9.86521
111,13.266,10.7102,9.1194
112,4.47122,4.54669,1.84006
113,0.894236,11.608,4.1935
114,6.47376,-3.17154,8.51142
115,0.127718,7.65793,10.9401
116,-6.2294,-4.07014,-1.61993
117,10.5742,-5.31997,0.858538
118,-11.0453,12.8807,-0.822919
119,-12.293,1.87821,-5.93059
120,-11.7619,-2.41599,5.23915
121,9.78318,1.02073,-8.88844
122,-10.7097,-14.4095,7.52731
123,2.64904,4.67725,3.10542
124,-2.51679,-3.94855,18.3719
125,8.8378,-6.83262,3.06947
126,-10.1005,1.26561,-4.10719
127,9.02045,6.82362,0.439385
128,-0.826685,13.062,4.20706
129,-15.7007,-9.42764,5.10076
130,4.10847,5.49803,-10.1018
131,-2.37542,-1.84517,15.0697
132,18.4277,4.64472,0.641649
133,-6.97976,15.7734,-3.05468
134,-1.22281,5.24816,-3.70169
135,-2.63053,7.05439,8.14427
136,5.16687,-0.676314,3.772
137,3.85171,15.1054,11.3749
138,-1.27153,16.8322,5.40444
139,1.53702,-0.934954,-8.6905
140,-10.639,3.47247,-14.145
141,-1.09103,-14.2558,-12.1528
142,-10.019,-15.7649,-5.90445
143,8.65408,-6.68007,-2.19553
144,7.05892,4.02849,14.1439
145,0.934813,3.29673,3.90738
146,-10.3304,14.3825,-3.97052
147,3.00248,-4.03744,-7.96383
148,-2.94902,11.5818,10.0253
149,6.2092,9.36375,2.63092
150,-18.6825,5.02856,0.500233
151,-5.52389,-7.10807,14.7276
152,-7.40302,-6.61248,-6.75732
153,-7.24708,10.3803,-10.9947
154,12.429,13.74,5.08405
155,-8.44512,12.6123,-3.54922
156,5.18246,5.04443,-16.6672
157,6.24505,13.7839,-7.58157
158,-0.847017,-10.7645,-10.0906
159,6.03388,-13.5412,-12.775
160,7.7024,10.7198,10.6535
161,10.8445,-1.7223,-15.732
162,2.36729,-3.66061,-17.4381
163,3.16667,-14.5753,3.68947
164,17.6456,1.01323,2.77689
165,-5.97455,-2.87491,-1.57934
166,4.91937,-0.0958694,9.67944
167,-2.23499,6.84062,10.1578
168,2.84727,-17.75,-7.63979
169,-7.9932,-5.23265,-10.8978
170,-15.1822,-0.249069,-4.17326
171,0.583444,6.99226,-12.9082
172,6.50628,14.1223,-4.7442
173,8.22118,4.89236,-10.7672
174,4.35701,12.6596,14.2189
175,7.7786,-4.69795,-4.85403
176,-6.45941,-17.6481,-2.46644
177,-4.55846,1.58957,-12.8462
178,13.5056,12.9087,1.58019
179,-4.97069,1.65337,1.5396
180,-9.14781,-3.2999,-5.38786
181,-12.2037,-6.05008,-13.3577
182,-3.84059,9.12944,-14.2237
183,3.26492,-5.08358,-13.2737
184,8.51825,11.8448,-0.412423
185,7.40482,-16.8347,5.08644
186,-3.63155,8.21975,-15.9828
187,8.37318,-8.06886,12.7268
188,2.61024,6.26004,-10.9157
189,8.28072,1.13932,-6.80869
190,1.05965,-2.46501,17.9702
191,0.723087,6.08265,-9.2705
192,-4.75868,-4.7394,-3.59297
193,-11.5323,1.19634,-2.90632
194,4.54666,7.54181,-9.57115
195,-3.46611,-0.567506,10.8
196,14.1129,-3.22229,-11.3074
197,-14.1104,-9.52056,-4.51843
198,9.63887,5.07995,3.10799
199,-1.34379,-7.96134,-15.9168
200,-8.69484,-11.3602,-9.34212
201,-8.22827,0.844174,5.67223
202,2.22977,14.3285,5.78265
203,3.35382,8.80467,12.5604
204,-16.1052,-10.1915,2.8748
205,1.22064,-15.8268,6.70962
206,5.39228,6.252,-7.71977
207,-8.59975,-5.22524,7.23551
208,5.70969,-14.4344,-4.96033
209,0.834177,-0.939782,13.4727
210,3.8777,10.3465,-0.20269
211,-12.5112,-1.28052,12.4975
212,6.0421,13.4823,6.75153
213,12.7353,13.5995,-1.18786
214,-2.27722,-4.61314,-2.89225
215,-4.62834,-7.97695,-1.33785
216,-9.04485,-2.23365,-5.78788
217,-2.18027,-4.60845,-12.2388
218,12.4106,5.55079,5.36012
219,-10.5904,-10.1943,-12.1622
220,7.85763,5.00273,3.76596
221,-7.26953,-7.68287,-6.15497
222,3.54667,-10.3105,-10.5121
223,14.0167,4.35039,-3.11581
224,-9.33917,-16.2224,4.02977
225,-14.6363,7.23995,-8.18935
226,-14.9603,2.33522,8.82055
227,11.4651,-3.28559,8.5478
228,-0.142401,-12.5165,5.40549
229,-0.173263,13.6284,-9.53555
230,2.07379,-5.2193,-1.67473
231,-3.14093,-4.45116,-8.60833
232,-10.9368,-11.2885,11.0464
233,-5.45407,5.23526,12.8772
234,-4.11592,-13.4284,8.4906
235,-6.60448,-5.88904,13.0348
236,14.4303,10.1023,1.41697
237,-6.22779,2.22133,-3.23138
238,4.50014,-1.49996,-5.63314
239,5.17687,-1.22735,8.44564
240,-8.50894,14.3079,0.300151
241,11.0129,1.57801,2.76918
242,-0.736576,-17.5426,1.60468
243,-5.07504,2.25207,-2.22205
244,4.69581,-4.2348,-2.17367
245,4.4453,18.6606,2.89542
246,3.58374,-5.21943,-1.57936
247,12.8805,-0.695803,-8.02268
248,7.01148,-1.80287,-9.62098
249,10.9196,-10.3547,6.8567
250,-12.4391,-2.0611,2.68723
251,-2.96651,11.4351,-11.0005
252,0.809133,-6.22474,3.70733
253,11.2023,7.03098,-1.87125
254,8.72732,-4.24105,12.3278
255,-3.01375,-5.67365,15.8657
256,9.08156,-3.22864,-4.56293
257,-12.8706,6.14997,-9.95683
258,6.48655,-1.99104,2.17
259,4.2578,3.8771,-5.37067
260,-0.454149,8.06233,14.1798
261,3.49356,-14.3134,11.6632
262,9.03567,-6.9986,12.2955
263,3.03162,9.22973,2.1212
264,6.2128,-0.732046,9.06202
265,-0.14713,-6.87363,-1.37119
266,-8.87761,6.03338,13.2194
267,2.09269,-5.43838,-15.506
268,-10.0116,1.62501,16.097
269,2.5564,-5.22085,-8.0131
270,7.04114,-4.5216,5.40741
271,15.3715,6.76175,-6.50879
272,-6.2612,-5.38273,17.5967
273,3.52269,8.51087,7.62369
274,1.49542,-8.80339,-11.9167
275,-12.5102,-6.48776,6.1092
276,4.62107,-10.5437,-11.4248
277,-10.5927,-1.8718,7.5346
278,-9.54416,4.53854,8.19407
279,9.16334,-2.43012,2.34618
280,-13.2401,-13.1258,-1.79633
281,-0.672897,-8.37944,-5.04676
282,0.0713915,-5.95059,11.0927
283,-12.4921,2.45274,11.6003
284,-9.23121,10.4991,4.76836
285,12.7391,-11.7203,5.32519
286,13.7254,12.8435,-0.595479
287,2.58049,-18.4807,-1.0904
288,5.69819,-5.85826,-4.00759
289,-8.05506,-6.84214,2.65145
290,-14.6433,8.88934,4.23496
291,-10.6714,0.853043,1.88533
292,1.80118,-3.78153,-2.22512
293,3.36776,16.2471,5.1996
294,10.9644,-3.84745,-4.86014
295,-3.01356,9.57378,10.9468
296,18.2165,5.13033,-0.603224
297,-3.34932,7.12287,14.1068
298,-8.17467,-11.0112,-0.104277
299,-13.1072,11.1664,1.36803
300,-15.2962,5.13989,-6.96517
301,-14.3404,-1.36575,3.94651
302,13.0093,-1.71379,-4.09211
303,-7.45834,-3.22045,-3.69029
304,-0.857964,9.99701,-13.1194
305,-9.98865,7.96711,-7.85234
306,3.53606,4.63596,-15.0775
307,-4.63407,-8.08246,-16.2094
308,-3.0774,2.52948,14.4856
309,-6.51383,9.58879,2.5631
310,-11.2491,-1.69603,11.3961
311,-14.4721,0.178118,4.36166
312,13.5079,5.00626,-12.3172
313,10.5967,10.2762,11.6633
314,-3.30172,-10.5416,5.61845
315,-7.19898,-4.5146,3.78072
316,-1.9481,9.26934,-6.19781
317,-4.76915,-12.3684,5.82014
318,-4.72188,10.1431,14.4002
319,10.736,1.0372,3.66379
320,7.0954,4.34126,-1.77945
321,7.95463,-14.0202,-1.37283
322,-0.28573,-14.9926,1.2774
323,11.0239,11.0753,2.1767
324,8.7446,1.84608,7.61047
325,5.52438,-6.96634,-15.8364
326,-1.83698,18.616,2.07844
327,-3.98964,12.3105,-13.6509
328,2.81499,-8.02145,2.3026
329,-13.3325,0.54705,14.1421
330,-1.6652,-6.25785,17.6176
331,3.231,-6.07475,1.44202
332,5.16987,-0.267305,-0.0716353
333,-7.0059,6.14211,2.12809
334,-2.59736,0.190262,14.2116
335,-7.49302,-12.9399,12.2528
336,-7.14044,-9.29357,15.5343
337,-8.59121,-1.2991,2.63449
338,-10.6834,1.43268,8.08344
339,6.92026,6.21012,-1.41717
340,-6.22054,12.9714,11.4769
341,3.96817,-11.3664,-10.6523
342,-9.08145,9.75124,14.2535
343,9.5334,-6.96289,-11.2128
344,8.43689,1.25499,-3.09973
345,-12.3607,6.61993,8.81095
346,-8.35726,13.8863,2.23489
347,-5.0069,16.9535,-4.13061
348,7.22804,-6.6212,-14.1906
349,3.32826,-13.0862,-10.3662
350,10.2824,13.1911,-8.17036
351,0.949731,-8.94871,-1.49049
352,-11.677,-3.64477,11.8094
353,1.45016,1.05862,-1.22416
354,12.2564,-7.98414,-2.95948
355,-8.85817,6.64683,14.1554
356,2.82636,4.14983,-11.144
357,4.94219,11.2947,-2.81376
358,12.8427,1.61109,6.35397
359,-11.6559,-10.4174,1.71446
360,6.31257,1.44669,-3.33839
361,0.793705,-13.8033,4.514
362,2.55921,-3.47442,12.4264
363,-4.4569,-4.80868,-13.5797
364,16.626,-3.64815,9.0323
365,3.08909,-10.521,-14.602
366,-2.168,-3.72876,-11.5545
367,11.3657,-10.1542,1.59355
368,13.1537,-8.56613,-0.064593
369,-13.149,8.56598,1.63838
370,-12.4103,10.6819,-4.25511
371,-9.01503,14.3212,-9.20735
372,10.8816,-0.557705,7.70381
373,-4.19607,11.6112,6.62196
374,0.137398,-7.78348,-15.9564
375,-10.3381,-7.84108,13.5823
376,-10.5542,4.0135,-8.04325
377,-7.89508,1.27847,-17.4731
378,-14.1178,2.01601,12.2615
379,-0.800832,-10.5131,11.4375
380,2.18521,-9.49092,-11.6258
381,1.64591,13.4134,-6.95957
382,7.17006,-12.7597,-7.02826
383,11.1473,-15.7122,0.459044
384,-6.9183,-10.1029,-5.47394
385,0.00306487,-1.97784,-8.89403
386,1.36774,6.33769,3.95745
387,9.85397,0.695195,6.36275
388,16.9618,0.682936,8.40265
389,2.37644,-9.65698,-1.14165
390,10.4318,-10.7173,-1.33093
391,-13.219,4.77842,1.79613
392,-5.75502,12.5121,-2.62442
393,0.367244,-1.14804,18.4624
394,9.91764,-6.56254,-6.26389
395,-14.2248,-3.94389,-3.67282
396,-4.02067,9.98876,10.4011
397,1.16245,-4.84016,17.4133
398,-5.49961,6.17558,-15.616
399,-13.653,3.38742,9.63869
400,15.0386,-0.104637,8.05699
401,-8.87576,13.6371,-6.87214
402,-5.8228,3.98713,-15.167
403,-7.77024,3.93542,10.9805
404,-16.6468,0.579405,-8.26532
405,2.58098,3.90858,9.36238
406,-18.4308,-5.82859,2.93718
407,0.533727,-2.79525,2.41798
408,-10.5108,-7.11601,-12.0971
409,14.2412,1.44513,-10.9966
410,-10.8905,-11.0081,8.08761
411,0.503964,12.6879,-10.7643
412,8.50997,-6.98704,-11.2069
413,7.7956,-9.14654,-7.65557
414,-5.64652,0.777355,7.12108
415,13.6243,0.190526,-10.1287
416,-4.3859,-5.38754,11.0119
417,1.91441,-9.62139,6.20269
418,-4.83367,8.37923,0.746506
419,-7.02889,-7.48916,4.32185
420,3.21142,-7.69258,-9.36634
421,-3.59289,2.87349,1.27364
422,11.893,5.92277,-0.328496
423,4.46567,1.09513,-7.90804
424,0.137268,11.3899,-7.02325
425,-0.753662,-2.87449,-13.1894
426,17.0992,0.590834,-8.94859
427,1.68701,8.07831,-12.2717
428,-7.81375,-2.14145,-10.9203
429,12.5263,2.55507,11.2655
430,0.140412,-15.1979,-9.19946
431,0.590752,5.36577,12.0257
432,11.7537,0.966896,-2.08418
433,-2.80157,1.13841,-14.666
434,14.2104,5.24971,-10.1135
435,-17.0727,1.64366,6.10978
436,-2.81641,4.15355,17.9272
437,17.5854,-8.20874,2.1772
438,13.1689,-7.95272,-4.88365
439,-5.21539,-8.91582,14.6653
440,4.01277,-0.866159,18.3582
441,-10.8184,-4.26894,-9.93562
442,-4.07227,-15.2594,0.26282
443,-11.7634,5.11184,-9.51758
444,3.38341,-17.3168,-3.81336
445,8.64925,-6.42731,-5.03571
446,-7.85407,-8.36766,7.19934
447,-8.61764,16.6984,0.166344
448,-3.46229,9.0668,-7.03798
449,-1.98943,-1.67556,-5.62268
450,10.5772,-2.54315,-14.1815
451,-11.9625,6.24719,-4.58292
452,2.95897,6.89033,-11.7754
453,-19.1145,1.78941,-3.26075
454,-1.1357,15.6019,4.72346
455,15.1998,-1.24704,0.818976
456,6.94246,-0.154589,3.66591
457,-4.59752,13.0684,3.93958
458,-15.7043,4.27868,2.29424
459,-9.10342,-9.77388,0.926742
460,7.00959,8.61565,7.456
461,-1.70818,12.0249,-11.5423
462,4.0437,10.1522,-14.511
463,13.363,2.19927,-4.70683
464,2.04834,-2.25434,-5.57087
465,-3.49293,-14.6455,-4.28897
466,-7.07334,-6.37198,4.49002
467,7.16077,-3.08691,13.4978
468,1.07129,9.7341,-10.9299
469,14.2135,-11.6588,3.2525
470,13.0101,-0.922191,-9.33332
471,-9.64912,9.26459,-9.66189
472,7.67903,16.6365,1.43756
473,-14.3116,-5.72037,-2.40678
474,-6.47805,-7.08463,7.86349
475,-7.61166,9.49055,1.97266
476,-5.76481,13.5298,-0.627911
477,4.61367,-8.24795,10.6298
478,-7.83246,-2.09482,-0.311897
479,12.1001,-1.30505,11.3314
480,-3.32555,-6.68631,3.08026
481,1.26149,-1.8407,0.385264
482,-4.33269,14.1999,-12.5939
483,7.07946,8.338,-6.82206
484,-5.01934,-13.4345,-11.3592
485,-4.26687,2.2596,14.1422
486,-6.58291,1.83307,3.03534
487,-17.5222,-0.712517,-6.36783
488,-8.96271,8.51828,14.8048
489,9.50641,-13.805,-6.87623
490,-2.3254,2.0915,10.9715
491,1.58163,-7.4618,14.1263
492,2.15969,-8.53653,10.1576
493,2.94126,-6.05731,-4.97151
494,-1.29491,10.1797,11.4014
495,-11.7064,1.97351,-14.0083
496,-3.46697,3.57803,-7.61512
497,13.7875,9.33122,0.252212
498,6.69301,-0.545289,-9.36399
499,-2.17363,1.05088,15.1385
500,-6.81161,9.88409,-8.53986
501,3.07479,-3.93231,-16.0026
502,-4.10268,-9.17941,-16.0345
503,0.583547,5.70411,-15.564
504,-11.314,-6.80536,8.10888
505,-5.20747,-4.24521,1.61319
506,-11.4502,0.856005,9.19185
507,11.7782,4.36656,9.28199
508,-13.4966,8.05064,-8.11215
509,-15.0482,-1.84558,9.74632
510,4.15634,2.45584,11.2259
511,0.28211,-18.6128,-5.41975
512,5.1352,-10.8443,2.19829
513,6.61933,10.2097,9.70364
514,-5.99151,13.8789,10.8315
515,-13.6779,-7.09326,-7.74372
516,10.607,-7.37275,14.55
517,-4.92899,-12.5476,12.8292
518,-4.19551,13.6979,-0.490916
519,14.8112,3.27324,0.985431
520,13.2737,1.06809,14.1832
521,5.20376,13.371,3.01564
522,-4.18782,1.63082,-7.29574
523,-6.30791,10.3317,13.4325
524,0.807681,8.60701,13.9749
525,-11.3725,-0.483808,11.4989
526,-17.3191,-2.69971,3.58277
527,-1.05676,2.32816,0.991442
528,3.9388,-11.9293,12.7091
529,7.68366,14.8303,-3.98819
530,-5.92432,-13.958,-11.8313
531,12.7543,-10.8898,-5.79194
532,-11.9372,-0.436172,0.826034
533,6.63603,-5.62555,3.98386
534,-1.25533,-2.58618,9.38953
535,6.4573,-3.71921,-16.7038
536,17.1417,5.4302,3.98904
537,6.58936,11.9874,5.00943
538,0.638416,-13.2608,8.89467
539,-19.1265,-0.797689,0.641078
540,-12.2995,-10.7939,2.57212
541,-16.3355,-5.85714,6.95644
542,4.3913,-10.4984,1.22923
543,6.18451,1.44652,-11.07
544,-5.75364,-6.41663,-5.66261
545,-14.8584,2.04317,10.1765
546,-6.32303,-7.96359,-13.034
547,8.64707,-5.07884,-15.4201
548,-0.254078,-14.3001,5.61282
549,-4.96535,-6.22606,-14.0557
550,-12.9141,0.776786,-0.352629
551,-10.7627,-15.3911,-1.54037
552,-8.73625,-0.0739285,0.504704
553,-1.57918,-2.56754,5.50603
554,6.13157,-4.61997,15.0725
555,7.53845,-12.3527,11.3476
556,6.56664,4.89604,11.0962
557,13.7786,-5.60057,-11.1115
558,0.806868,5.01311,10.8619
559,14.6489,-3.85536,-2.84705
560,0.597758,0.452524,1.57381
561,-8.10981,-0.35135,-4.43594
562,-1.89156,-11.2518,-5.34439
563,-6.69163,-5.04007,1.54317
564,7.9005,0.731843,-11.0452
565,10.5924,-5.74185,-12.0884
566,1.96181,-13.5967,-1.26966
567,11.4463,3.53477,3.28917
568,4.49696,6.13656,-4.8562
569,-18.0114,3.28753,-4.20579
570,10.0095,-13.8678,6.53819
571,8.24545,10.2466,14.4738
572,-13.3392,-4.38679,8.0423
573,-1.72398,-14.5402,5.84075
574,13.6947,-13.0836,-1.71494
575,-3.46274,5.16299,-4.48011
576,0.88741,-1.2726,-2.55607
577,-3.41542,-2.54041,7.65232
578,-6.8582,-14.9494,-2.83212
579,3.00693,-12.6809,9.11346
580,-4.52934,-6.08806,9.55771
581,10.987,12.6127,5.04235
582,-3.23969,5.27492,-12.0126
583,6.13844,0.756416,-0.803263
584,1.41294,1.77208,5.96639
585,15.5192,-7.41574,-0.526445
586,-0.182966,0.73436,5.4063
587,-10.6484,9.88055,11.0197
588,-13.7552,5.90039,-5.16426
589,6.67196,-11.1255,0.162274
590,15.6981,-9.74908,2.47129
591,-7.42288,-1.15835,-14.1775
592,3.89404,5.00624,4.02808
593,7.74641,-5.17311,8.49366
594,-9.69794,0.0265106,12.2299
595,1.81438,-10.4943,7.446
596,11.5825,14.2951,5.49996
597,9.90478,-15.9439,2.41537
598,17.5169,-4.47443,1.10684
599,-16.4744,-2.01024,-4.75672
600,15.8408,5.15851,-6.1048
601,4.25252,15.9659,-7.30023
602,5.62052,-0.548689,13.1438
603,6.27059,-9.74244,-15.6343
604,-10.3221,-3.23144,9.34931
605,-15.5287,6.5043,5.72275
606,-10.9596,-12.7295,3.70901
607,7.50476,-8.9828,-3.13077
608,11.2633,5.59939,1.53955
609,-8.76125,-6.70024,-7.52912
610,-4.43047,-0.984074,8.14104
611,1.09507,5.97846,15.1515
612,4.64729,11.7911,2.92832
613,2.84149,-1.44904,-17.1743
614,-13.4088,-12.1406,-6.98803
615,-6.0911,-8.92378,4.98911
616,-9.13884,-3.67118,-2.11117
617,-8.62636,-9.38061,7.70691
618,-11.9017,-6.88703,-9.55415
619,-12.5862,-4.6596,-1.19592
620,-3.76186,15.5032,9.31854
621,-6.16301,10.5698,-1.88691
622,8.18203,10.9745,-2.72925
623,1.27151,-17.1739,6.95366
624,-14.7159,-2.01657,-2.41969
625,-13.4058,-1.45705,3.20709
626,4.62778,-17.6001,6.58155
627,8.25855,-13.1447,-2.96346
628,-4.75534,15.3006,3.13995
629,-1.7086,8.07312,-12.6331
630,-0.461088,9.15302,6.13327
631,-4.73014,4.90322,-16.1151
632,-9.68799,-6.12207,1.27986
633,-18.6524,1.76882,-1.58847
634,5.06486,-11.8817,-3.56707
635,4.40685,17.0595,-1.50446
636,4.95709,-1.8709,-18.0768
637,7.25656,-5.0076,-13.7006
638,-7.40377,3.18554,-7.35552
639,-9.83848,10.5744,-10.8176
640,-1.09531,-14.5729,12.6345
641,-7.85822,-2.77255,11.3525
642,0.128324,8.97516,-11.8118
643,6.93547,-9.60504,-12.2339
644,19.2087,1.86056,-3.02301
645,15.6238,5.38629,-4.37255
646,-12.8242,4.7893,-12.6333
647,0.895905,7.72411,1.33185
648,-4.32082,-2.19639,9.61897
649,6.90239,-8.03061,-3.99557
650,-1.13887,-2.53194,1.54884
651,-3.63577,-12.7492,-5.22243
652,8.16222,3.20595,16.3356
653,3.66042,8.28152,15.018
654,17.3835,0.412439,1.74708
655,1.13367,-3.09287,14.7855
656,-2.68246,17.7818,0.155362
657,9.29786,7.699,-8.27601
658,1.74705,-2.79819,-10.6362
659,-2.09517,-0.444371,-18.9507
660,11.0183,-8.23375,13.8642
661,0.774669,13.1581,13.1249
662,-7.67459,8.16321,0.681554
663,-13.803,-7.39044,-4.96867
664,-17.213,7.41191,2.15826
665,-1.52838,-3.42891,9.89535
666,1.06099,-11.9107,9.63609
667,0.48165,-10.5059,-7.09709
668,-13.7698,0.353601,5.96801
669,7.9648,12.587,-5.31256
670,10.0402,6.76428,-2.90316
671,-1.22344,-6.24017,-1.79174
672,-15.8602,3.85413,-1.59603
673,4.91744,9.41368,-16.353
674,7.61989,-8.47427,-14.3397
675,7.66427,6.15062,-2.10721
676,4.50666,6.94409,-6.78306
677,7.39534,-12.6418,-1.31556
678,4.88132,11.9383,-7.20764
679,3.40758,-9.47576,-2.78872
680,6.46349,9.0076,-1.87159
681,0.678848,-12.9524,-0.129378
682,6.84738,3.4925,16.0343
683,16.1564,1.14364,11.0366
684,1.70043,-5.47644,-11.5869
685,-11.7273,14.0806,-6.77188
686,-3.32178,-4.98304,-10.4399
687,-7.67939,0.198682,4.96352
688,1.21251,3.81639,17.8065
689,10.4339,-7.01954,7.94167
690,8.22009,-10.1035,-2.92738
691,15.3364,-2.62225,-2.19314
692,-7.31674,-10.085,-9.77165
693,2.21571,-5.27188,12.7227
694,4.96987,4.04298,5.75435
695,2.38304,-12.7688,5.51881
696,-10.0999,4.28649,-2.31123
697,-2.47979,5.18239,2.69067
698,9.27469,-7.61581,-5.24896
699,3.35942,6.34525,-9.14663
700,3.44683,-15.0231,10.5145
701,0.518476,-17.6931,-1.46271
702,3.5046,-2.01722,-12.5714
703,-17.1533,-8.46729,3.07696
704,-2.7044,2.40939,5.57667
705,-1.18044,16.0034,-0.758932
706,13.1649,9.1961,-9.5286
707,-9.51794,7.94866,-2.92161
708,-6.46241,-0.747192,-10.8718
709,9.22432,6.7084,12.5841
710,0.80221,9.40815,5.79006
711,-1.69689,13.8064,6.1418
712,-12.7802,-4.23356,-13.1057
713,11.0702,5.35201,4.77548
714,7.12434,5.60909,-2.89328
715,8.89948,-14.8193,-8.20915
716,0.258423,2.11715,6.33609
717,2.60634,0.56162,-1.71215
718,-0.175096,-11.5346,9.58527
719,3.9744,-11.5757,-4.8513
720,5.51057,2.03626,-9.71429
721,-0.49,-6.77596,-16.706
722,-10.2639,-1.80419,-9.81351
723,-6.71711,-7.62241,1.20916
724,-3.87976,2.33229,-11.8915
725,-3.40651,6.54493,-4.17022
726,-10.595,15.755,3.57117
727,-1.00368,-13.3206,-6.71096
728,12.2272,2.83979,-6.15155
729,2.69059,-0.0483493,7.13492
730,2.12926,4.03294,-4.9342
731,7.67553,-2.60339,3.81484
732,-11.5669,6.84632,-8.10493
733,0.758758,7.63077,-0.756605
734,5.45498,-0.177571,-6.9687
735,14.1689,-7.58649,0.242604
736,7.71448,-16.3995,-3.6985
737,-12.5993,-2.70823,0.89344
738,5.66942,12.5393,-12.2964
739,11.0731,14.6759,4.66389
740,9.4131,-0.3335,7.00227
741,7.38497,-3.56643,1.24832
742,6.89286,-16.6615,-0.00486647
743,-5.878,11.1067,-11.0991
744,-7.39713,1.61789,-13.5068
745,7.69721,-2.45804,-5.69993
746,-16.6764,3.08297,9.3939
747,-9.49049,-2.60104,-12.3709
748,0.618492,-14.2021,-5.24246
749,-2.69322,-3.63936,10.3897
750,3.70239,13.6082,-3.2734
751,-11.5347,0.0278225,7.21132
752,18.0237,-2.88794,6.84476
753,-12.4581,-2.40041,3.73783
754,5.31583,-1.91009,9.645
755,5.61306,7.24409,7.38597
756,16.2812,2.66024,-0.0221972
757,-10.735,2.87977,-9.22215
758,-12.7636,-9.64204,-1.92658
759,5.66421,-5.92769,10.8748
760,-17.4077,-6.93156,-4.62464
761,18.0084,5.44485,-3.09245
762,0.730644,-7.09384,2.98889
763,11.1304,-3.68084,15.1934
764,-2.07565,10.9657,-1.94501
765,17.7283,2.84112,5.4533
766,14.3934,-8.07325,-9.13032
767,-4.57198,-5.53169,14.3815
768,3.47667,10.7236,13.3025
769,15.5802,-0.173563,-1.32796
770,7.13225,-2.42571,14.8418
771,12.5957,-8.78294,-10.2714
772,2.3074,-5.22214,11.3684
773,13.5803,-0.158416,10.2162
774,-15.2375,-2.22062,-7.51214
775,2.97252,3.52859,-12.6085
776,-2.81134,5.97119,6.06833
777,-18.1144,-3.71592,-2.15328
778,-1.35605,12.381,-7.44055
779,5.07187,8.72918,3.20085
780,-9.93156,-6.1891,3.83928
781,9.09203,-9.19265,13.1018
782,-4.96116,9.37343,-4.62725
783,-17.3011,-6.19156,-6.44502
784,-12.4356,-4.34885,12.7679
785,-10.7175,-6.54094,5.45055
786,-8.9236,16.4447,-4.02365
787,5.36896,1.7733,-6.40222
788,10.2911,-0.899655,0.36233
789,-13.5996,0.976241,3.45853
790,14.4379,-0.180938,-6.00513
791,-6.07628,-8.98092,-8.8312
792,-1.5041,9.55085,-13.9193
793,10.5551,5.08478,-5.16516
794,-11.0411,-9.10333,5.72408
795,-14.6216,2.26184,-0.609477
796,7.05052,11.3591,13.4626
797,0.429849,10.9614,-4.8366
798,-2.61498,11.6985,-5.97084
799,-4.31696,-12.4402,8.65276
800,-13.3708,-3.23295,5.56067
801,-14.7321,-4.51753,-6.92341
802,-0.599014,-13.4753,-9.82003
803,-8.92479,0.57447,-15.2312
804,6.19292,11.1578,-0.914383
805,12.3045,3.71696,-12.7249
806,6.15533,-12.5938,5.68372
807,15.8079,7.99733,7.54761
808,-13.1401,-3.27679,6.89556
809,2.78286,-13.7894,-6.08545
810,6.65954,11.9008,-3.64887
811,8.43187,-1.5804,17.1915
812,0.730948,18.5315,-1.13807
813,-3.97033,7.44374,-3.21516
814,-10.5743,4.19669,-4.35877
815,-10.2603,3.98654,9.51508
816,-3.58363,-4.74902,3.39152
817,5.07845,-6.96848,2.06394
818,14.3867,-10.746,5.55597
819,-13.2666,-8.90825,10.3737
820,14.0919,-8.33981,6.67302
821,-4.12667,-5.01949,-18.2783
822,-0.977322,-19.3271,-2.00181
823,-6.22532,-3.45396,-13.2769
824,10.056,-16.5621,0.67246
825,-0.274712,-13.5589,-1.24835
826,-4.9406,-5.32015,-2.03161
827,-14.9465,11.2333,-2.24228
828,-5.61846,-0.86092,18.2171
829,11.8934,1.08221,-8.26395
830,-0.751312,4.71403,-15.0057
831,-8.5367,-9.05119,-13.1957
832,-3.44649,15.7192,-0.642336
833,-6.68495,-6.32294,-16.2057
834,-9.00299,1.77033,12.5247
835,0.793134,-5.59989,11.8722
836,-2.73584,9.2826,-0.599747
837,-11.9418,3.08199,1.07641
838,2.02665,-6.47353,-15.2692
839,-13.1825,3.85624,-10.4876
840,-1.5381,14.2347,-0.752807
841,2.07923,6.03008,5.17202
842,-11.8573,-8.42265,-5.797
843,-8.49892,-8.76099,3.24158
844,-1.59752,8.00104,-8.38923
845,-1.90797,8.6258,12.2151
846,11.9896,-4.66354,-0.58478
847,-3.02917,-13.6225,12.0085
848,6.77318,-6.90949,12.1816
849,-2.4065,4.33953,1.47894
850,9.36448,2.12485,-15.106
851,9.28093,2.94759,-10.2268
852,15.5912,10.0283,0.428922
853,9.94103,1.28584,9.88708
854,0.621706,-6.25574,9.3138
855,11.5821,10.1203,8.40582
856,-6.6997,4.1782,13.4078
857,-17.1426,-2.78005,-1.26431
858,-0.908943,12.9144,-2.01494
859,4.94125,3.10477,12.7488
860,1.50219,-15.7309,-8.36468
861,2.62683,4.30153,13.3682
862,17.5348,-2.57425,4.10515
863,14.9674,0.000747173,9.45852
864,-14.6372,-11.2389,-5.06699
865,-14.9898,0.210482,-9.02592
866,0.610527,0.23358,-9.67066
867,4.80909,5.22296,-6.29405
868,9.55913,4.72342,10.4677
869,-0.46855,9.97875,-1.90339
870,-14.4997,-8.43055,-4.61893
871,10.8941,-7.08083,6.20102
872,-15.7318,-3.85645,-9.25464
873,12.7883,-3.73328,6.34013
874,18.1667,2.67644,0.610584
875,7.9043,1.98348,11.5642
876,-11.1695,6.5153,12.6328
877,-6.73091,14.6227,8.52724
878,-7.06313,-15.8834,1.84014
879,3.70678,6.06779,-18.1947
880,14.9684,-7.22212,-6.65612
881,13.2556,3.21834,-2.64671
882,-5.2281,-0.473547,-1.85653
883,-5.53001,-1.22034,6.19759
884,7.18718,10.4758,-1.79708
885,6.02451,7.00916,10.2352
886,-10.9923,5.84132,-14.5936
887,-1.41166,6.30492,2.59059
888,-7.63849,10.6505,5.54077
889,1.63667,15.616,11.2176
890,9.59186,-4.53474,-8.19717
891,-2.97865,8.05419,-7.848
892,4.90565,-8.30167,-10.4193
893,1.98039,10.122,-0.430476
894,-3.64636,3.43623,-11.778
895,-14.2242,11.0899,-4.41325
896,1.74921,-9.89785,12.888
897,-7.55147,0.45154,-13.9841
898,16.1361,-2.96459,6.11004
899,-5.81222,0.61097,-18.4278
900,10.0401,-8.82576,-10.908
901,11.5672,-0.339787,3.67345
902,5.73614,-16.1823,4.27497
903,7.82665,9.37863,-13.0886
904,14.4643,-3.92018,-8.86229
905,1.6341,-17.8703,2.75474
906,4.9608,6.98717,3.45173
907,6.19481,15.0024,-0.294506
908,0.00410852,1.94912,11.8649
909,-0.720786,7.67794,-8.88114
910,-11.3784,7.75727,7.96119
911,-16.6507,3.02339,3.67377
912,-10.3544,-4.60758,11.4041
913,-0.566013,3.88751,-5.31043
914,15.4586,-8.76913,-4.93222
915,14.0564,-9.90599,-4.01373
916,17.0752,-4.16488,-4.74266
917,3.71104,14.9877,9.46854
918,0.912565,-2.24125,12.2229
919,16.6711,-5.4154,6.96778
920,0.855408,-17.2617,-6.05454
921,1.30092,-9.38322,-6.69469
922,-1.49657,-3.18764,-7.36739
923,1.63346,-5.54605,-10.1764
924,8.56119,1.98477,12.8444
925,5.5817,9.19558,8.04048
926,11.1246,6.87484,3.56575
927,6.60843,-14.1595,-8.23952
928,-0.999516,-1.03713,-13.1834
929,-0.742961,6.72575,10.1407
930,0.125776,3.43411,3.13968
931,-4.02722,-3.94757,-0.705388
932,-4.86264,-11.7438,14.3628
933,-1.2054,2.6822,-10.0011
934,15.274,-7.50219,1.3781
935,-3.71879,1.83379,18.6823
936,3.5387,-1.44597,-4.69068
937,13.1707,11.1705,2.32467
938,1.19203,-16.8272,-1.73288
939,10.8508,-3.39781,-12.3699
940,-9.17434,-0.28247,6.211
941,-15.5306,-4.67597,7.29094
942,-0.314995,-16.8555,6.62684
943,4.07339,1.19551,-10.7443
944,1.84242,-11.912,11.1426
945,0.339041,5.99061,15.9966
946,-6.92168,-1.76629,15.5994
947,-17.7837,-0.562437,-7.91131
948,4.97794,8.06794,-11.8161
949,3.66547,1.29454,0.503419
950,-5.67184,-8.94832,11.7545
951,-3.31971,0.672666,-7.0927
952,9.7026,-9.78133,7.95663
953,-1.1701,6.53085,9.00386
954,6.79831,-12.0795,-2.84244
955,0.563202,-16.2071,9.20972
956,0.557642,8.15913,-5.60446
957,2.05974,12.8441,6.45917
958,-13.1574,12.3357,5.26425
959,-13.7253,11.9752,-4.89927
960,1.40289,9.90749,13.4596
961,-3.7408,-3.96175,-18.3009
962,-8.42281,-6.61566,-13.801
963,0.444471,6.73824,10.1323
964,14.6149,-7.57143,9.48631
965,11.0847,13.8131,-1.20237
966,-6.06215,-8.06021,16.0138
967,10.6404,-4.50695,-12.8756
968,6.52384,0.809472,16.9926
969,6.13578,17.7746,-3.16582
970,4.55401,-14.2801,3.18004
971,18.5381,2.97084,3.97365
972,7.15233,-6.26965,-16.5917
973,6.19102,5.77563,1.82474
974,2.13309,-11.3458,0.824702
975,-5.46487,3.12415,17.3908
976,4.35254,-4.94262,-17.4221
977,-3.21004,-18.9743,-2.5719
978,-2.94804,11.8825,-14.1319
979,13.3228,5.01657,-1.47264
980,-11.9746,14.5781,4.56528
981,-4.64658,-7.15902,-10.7988
982,10.0581,-4.94016,7.67555
983,8.93856,-14.0097,5.17193
984,-14.7692,3.56815,-10.4308
985,4.95025,-4.79478,-10.647
986,-12.1678,9.91143,-9.18489
987,13.2183,0.294693,0.450361
988,-8.68884,-13.2043,-6.46613
989,2.46733,1.70889,14.0251
990,-1.58955,-10.3296,-12.7584
991,-12.6868,3.7523,0.136613
992,1.8709,-1.2469,-14.0922
993,-12.4862,11.0961,8.91626
994,7.66265,10.0617,-5.53957
995,1.01872,-15.335,4.72302
996,13.8126,-10.1715,6.9423
997,-6.95333,9.80435,1.23697
998,10.1445,7.70009,0.311954
999,-15.5876,-10.4751,-1.83043
1000,-7.36167,6.74756,-13.0132
1001,7.92154,-12.8426,1.16183
1002,-5.59091,0.821341,-6.89857
1003,-8.96448,12.5056,-8.53703
1004,-2.68829,-8.18536,-6.70399
1005,6.76964,-14.7291,7.7684
1006,-15.3418,0.087711,11.4446
1007,-12.5879,-5.9578,-2.85894
1008,5.24913,-0.0565173,12.0771
1009,-7.51938,13.2238,-5.39502
1010,-18.889,2.40413,3.01081
1011,-14.4138,-2.0239,-12.7978
1012,-16.08,-0.988174,10.2086
1013,13.041,2.6969,-11.9764
1014,-11.9258,-1.13338,-8.02486
1015,-3.92855,13.3385,-9.04789
1016,-3.78269,-7.38663,11.997
1017,11.1611,8.92346,11.962
1018,-3.98686,-10.4286,-12.7338
1019,-8.56581,8.48326,-9.87604
1020,15.9362,0.42938,-10.6127
1021,-1.91566,-10.0885,5.49781
1022,-2.99184,-12.8766,-6.04608
1023,-2.82888,-6.34433,4.96122
1024,-10.3791,2.07729,1.88977
1025,-13.8,-1.71664,1.97766
1026,19.4317,1.41807,-1.99614
1027,-2.61011,-9.40244,15.9634
1028,16.1085,-4.38402,-2.2282
1029,-5.38451,13.8701,11.9994
1030,11.7509,-6.89667,0.997269
1031,-4.93697,-15.9553,3.60487
1032,13.9873,4.21593,-5.43852
1033,6.18813,-4.50203,-2.71327
1034,12.6401,-8.55052,-8.95859
1035,2.26205,-4.66073,16.4152
1036,9.79863,-2.7031,0.216327
1037,-2.8044,16.3578,-3.63869
1038,2.81634,-3.22122,5.01675
1039,0.102873,7.78969,16.0492
1040,-11.8033,8.70067,-5.27857
1041,-3.75244,2.43819,-7.83826
1042,-5.32097,3.84856,-12.1652
1043,1.59353,-11.7449,-8.54967
1044,-15.0581,3.53779,-6.71533
1045,-15.8171,-2.46517,-2.23483
1046,0.76176,-12.7304,-2.44052
1047,6.88959,4.13664,6.5382
1048,-12.6242,-9.85961,4.86527
1049,-4.26597,-15.3332,1.55178
1050,7.93789,-7.48011,-0.864555
1051,4.73967,8.12865,16.6156
1052,-1.46051,5.9883,-0.0760116
1053,-0.502854,-10.8455,1.60419
1054,3.16705,9.04329,-0.928836
1055,-4.9768,16.8877,7.16373
1056,-2.12786,-11.857,-11.0325
1057,7.60652,7.28675,-13.1234
1058,-14.147,-9.91129,6.57098
1059,-9.64831,0.376709,-2.56371
1060,3.73155,7.69914,10.6253
1061,18.0689,-4.9541,-0.154794
1062,15.2609,4.46441,0.731655
1063,-0.30133,4.32483,6.52215
1064,1.08745,13.8076,-9.85285
1065,-13.1137,8.77269,-10.8734
1066,-1.03367,12.8676,8.44443
1067,-14.1899,8.07582,1.71032
1068,8.3664,2.97507,12.5704
1069,4.823,18.685,-0.0128282
1070,7.87432,-1.7185,14.2347
1071,-3.77956,2.6434,15.7402
1072,-17.6271,-1.18036,-1.51727
1073,-5.51008,-10.6072,-1.21008
1074,6.83166,-12.5314,-12.573
1075,1.69825,-0.497959,7.3762
1076,11.2468,1.84827,-8.22388
1077,-11.2187,10.1917,12.1531
1078,-6.3116,-4.22504,17.4428
1079,17.7404,-6.41845,-0.23987
1080,18.6316,1.70817,2.68345
1081,17.9028,0.898189,-6.38293
1082,-7.65758,5.01152,2.69924
1083,-6.77947,6.62539,-5.13006
1084,15.3002,5.34675,2.63842
1085,5.7064,-10.9898,-5.00845
1086,-6.89299,-5.16603,-0.495253
1087,-13.93,-1.39871,-0.386099
1088,3.97373,-6.10298,3.87711
1089,13.2997,11.2561,-5.11297
1090,0.186063,4.17827,-14.0599
1091,11.1736,4.27306,6.02579
1092,2.91834,14.1847,-9.43624
1093,5.20706,-2.24505,5.57228
1094,0.0277102,0.735185,-15.4466
1095,12.6699,-11.4613,-1.26601
1096,-12.7561,-10.5496,-3.08052
1097,-3.89851,-14.9639,3.01836
1098,-9.71784,6.63614,-7.88197
1099,7.45218,-1.56216,16.868
1100,-2.27026,9.68691,2.39936
1101,6.77172,2.93401,-3.61537
1102,6.40773,-8.7792,4.93634
1103,-2.39983,0.229552,-9.84235
1104,0.665993,1.46545,17.3516
1105,-2.70874,17.0993,-5.90439
1106,1.05493,-14.4555,3.19593
1107,-4.45804,15.5037,-6.82708
1108,11.8159,-1.02392,1.86478
1109,0.0411667,-2.90691,-11.5015
1110,5.96481,-1.87835,-2.65116
1111,16.1075,-6.99126,5.99957
1112,9.82794,-0.637077,-13.9972
1113,3.04279,-9.48349,0.967076
1114,-12.0356,1.45726,2.66271
1115,-0.898254,-15.4271,-6.26948
1116,6.03805,-7.05521,-10.2325
1117,6.74719,-7.1314,-0.259793
1118,-3.7767,-6.2739,-6.0483
1119,2.25515,-5.59333,10.4101
1120,-15.9112,1.55332,0.535108
1121,13.9937,-0.873123,3.30146
1122,6.96674,-12.5078,-8.94677
1123,13.1698,-7.25641,-0.70473
1124,9.73381,14.2025,-7.70168
1125,-4.5623,-16.48,1.60686
1126,1.62923,2.92162,-17.5749
1127,0.941396,-3.71781,-10.9366
1128,19.1519,-3.09151,1.62817
1129,-2.28202,9.52716,15.22
1130,-12.9586,6.19778,7.31808
1131,6.34366,-3.04223,10.4189
1132,14.6741,7.30367,8.87803
1133,0.133543,12.7387,-11.9127
1134,-9.57983,-1.25895,6.22865
1135,9.08772,8.67846,4.36836
1136,-1.17371,4.92123,-7.26283
1137,-7.70303,10.4256,-14.5714
1138,-2.67016,7.4389,-14.0069
1139,5.57218,-1.63621,2.9598
1140,11.4856,6.24152,5.99687
1141,2.55565,-10.805,-10.2568
1142,-3.65448,-17.116,-5.98883
1143,4.32512,17.98,6.14842
1144,1.7714,-8.25949,2.42606
1145,15.2213,3.17829,9.14053
1146,7.56883,3.70038,-5.60375
1147,-4.3884,3.97835,11.8759
1148,2.49001,15.4069,2.41473
1149,6.78,-7.2959,-1.97485
1150,5.2738,-12.3236,-0.346813
1151,-2.11685,-11.8935,-14.6495
1152,4.52237,-12.8722,0.732779
1153,12.4833,2.48754,-3.86386
1154,4.81242,-4.78121,4.6046
1155,2.1763,-8.69143,-10.4405
1156,-17.2849,5.0623,-7.5003
1157,-1.94788,10.6877,12.5044
1158,9.99652,12.5319,-10.0099
1159,10.0169,-7.28603,7.00016
1160,-7.38921,-0.665896,-12.9205
1161,-6.8263,-7.39732,-14.7901
1162,-0.530091,-0.621464,10.2396
1163,-8.87678,2.50178,4.72932
1164,-2.52524,5.98851,9.03593
1165,7.75985,-1.57975,-8.64782
1166,-0.293495,-15.8824,6.19401
1167,-15.6563,-3.35758,-1.1239
1168,3.98166,-2.95195,-5.12303
1169,-1.71923,-5.6314,-6.99925
1170,6.38258,1.17304,6.62438
1171,-3.3191,1.65626,-6.65668
1172,-5.70663,-15.6989,7.93531
1173,-1.33104,5.69523,-18.2267
1174,-6.44402,0.948748,-11.039
1175,9.78639,1.96499,12.4228
1176,-1.38122,-10.6213,16.0536
1177,2.9209,-11.506,-2.32093
1178,-8.21078,11.6013,-11.8776
1179,-18.1184,-5.56452,1.6823
1180,-7.82793,-7.67363,-3.84221
1181,-3.78047,-5.64494,-7.39447
1182,-1.33772,-11.3217,-2.58372
1183,-3.8686,10.9157,-12.0455
1184,5.4698,-7.63404,8.19486
1185,12.2649,12.6689,0.467877
1186,12.3151,-3.52516,-12.3375
1187,7.25201,-8.77517,6.95445
1188,-15.6339,3.70147,9.50556
1189,-10.6975,-2.91241,8.47372
1190,-6.66616,10.1627,11.1221
1191,8.01874,-0.584082,-15.8328
1192,-1.38021,-2.38935,-2.13089
1193,-2.19089,6.60099,-11.4514
1194,-15.263,1.38662,-7.13247
1195,-4.5437,5.35904,6.52939
1196,4.47111,-0.186338,-10.9954
1197,12.3124,6.97984,2.64602
1198,2.06696,-14.2555,12.0762
1199,-1.81788,-14.6153,-0.529168
1200,-8.96346,12.6992,8.0352
1201,2.02976,0.656205,-17.129
1202,-3.91661,-1.5601,-12.1937
1203,4.52861,-4.24808,15.6218
1204,-7.18294,12.2068,6.55876
1205,-13.0197,6.07498,-11.0829
1206,-0.160645,-4.31376,-3.59718
1207,-3.62721,-4.72152,11.7645
1208,-7.8972,4.31301,-10.0181
1209,14.5678,0.333251,-10.8626
1210,9.29365,5.27656,-3.41767
1211,-2.99729,-6.89206,-10.0574
1212,-5.07773,10.4176,10.6804
1213,14.5175,6.15557,-7.08931
1214,-12.2757,5.50418,6.79854
1215,-6.00503,5.18315,-17.7987
1216,5.22228,-5.15029,1.91817
1217,-2.95069,2.66688,-11.3296
1218,10.4201,2.86652,6.13564
1219,-1.54157,11.0228,6.42404
1220,-1.09429,-17.3013,-3.31334
1221,-8.1347,13.594,3.67881
1222,0.404874,5.41348,14.0882
1223,-1.24246,-13.8498,2.01017
1224,5.32935,11.2682,-13.3437
1225,2.76035,14.593,-2.17837
1226,16.2963,1.56215,4.89586
1227,0.0388133,-4.62485,3.82108
1228,-14.0043,4.99633,5.64
1229,10.0744,-3.39484,10.9495
1230,8.39836,7.82828,12.6567
1231,-4.85246,16.8413,-6.65949
1232,-5.42541,15.2366,-5.2783
1233,16.3665,-5.74661,1.42293
1234,-2.10311,18.4665,-0.396471
1235,-13.3523,4.89655,12.969
1236,-6.38194,-10.3119,-7.59283
1237,1.76747,12.5903,14.0123
1238,-8.90743,-0.65033,-7.06523
1239,10.0877,12.2571,8.41602
1240,15.4879,2.14312,8.77511
1241,-8.07384,-9.29034,-14.846
1242,-12.0004,-6.6248,2.52611
1243,-9.51844,9.26343,-1.9016
1244,-3.70692,-8.57091,6.37843
1245,7.19909,4.67769,1.4328
1246,6.32564,-0.0121679,14.7771
1247,-1.38109,-5.2324,-16.0339
1248,0.243996,13.0536,8.61527
1249,4.24254,-3.47699,-6.67588
1250,-6.44006,-5.49077,-7.18473
1251,5.37066,9.81217,16.039
1252,0.804113,1.83518,-13.3615
1253,17.4194,-3.81592,-2.24353
1254,-6.4428,-9.42151,9.78491
1255,8.45419,13.6801,-3.24235
1256,-8.2854,-5.51924,-3.14289
1257,2.33474,17.1916,5.01735
1258,14.9827,-12.58,-0.831693
1259,0.718031,6.33754,-0.172785
1260,-9.63739,-4.65459,-5.72983
1261,-2.86135,-0.238527,-17.659
1262,7.06704,6.54843,4.88117
1263,15.5872,-6.3275,-4.67817
1264,0.0262911,5.69905,-3.90499
1265,16.9638,4.29754,2.23396
1266,8.9867,12.0928,-7.12648
1267,9.34984,-4.32531,9.96393
1268,9.86389,12.1945,-7.82307
1269,-9.09883,10.5484,9.54431
1270,-4.52553,-1.33889,15.0416
1271,-13.3187,-1.42363,7.25566
1272,-6.12633,-1.23272,-9.3219
1273,17.6284,-4.81053,-5.40712
1274,12.2321,7.42556,-4.71433
1275,-6.85948,-8.48647,13.4176
1276,-9.34739,11.6125,10.3462
1277,15.8355,-1.13736,7.83778
1278,-15.3755,3.82305,-0.653416
1279,-9.69418,-11.6003,-8.82068
1280,6.07744,0.601444,-13.1539
1281,-4.91964,3.22122,1.54803
1282,6.73011,-9.98784,2.00555
1283,-14.354,2.44681,-10.5362
1284,-10.8077,1.77976,4.57889
1285,0.536455,-15.2035,-12.0383
1286,1.88406,8.39915,6.52732
1287,7.17356,-3.22115,-11.8942
1288,7.1934,11.0276,9.2627
1289,14.2699,-6.142,-10.3293
1290,6.92417,7.11968,12.9155
1291,-6.62576,-2.82714,1.4325
1292,5.6581,-1.35462,4.82264
1293,-16.0458,-7.85015,-5.48026
1294,-10.4112,-12.5671,-3.59806
1295,4.24214,1.97437,-12.0679
1296,2.61699,6.23767,12.3629
1297,-3.50034,-8.0845,-4.81389
1298,-11.9282,-14.2298,-4.87321
1299,16.5912,0.6605,6.16911
1300,0.513307,12.6006,1.41162
1301,-9.50756,5.80934,-5.40239
1302,-15.6723,4.03985,-8.56094
1303,-5.97176,-9.13199,-7.09598
1304,1.93611,8.83179,14.3581
1305,-6.12699,5.69372,13.892
1306,-4.27196,12.6925,10.8729
1307,-4.65805,17.9921,-5.3755
1308,4.62313,-10.7365,-5.37019
1309,-9.97067,-7.26121,-7.8852
1310,9.14135,5.44568,-6.62849
1311,-16.9479,1.17106,-1.85007
1312,2.27912,-9.1877,-14.3543
1313,0.437651,10.6591,5.66909
1314,-6.68943,5.39224,12.9266
1315,-9.63106,-7.22482,9.73179
1316,-14.8594,-0.873269,-9.8612
1317,-4.70099,-12.9277,-4.92454
1318,-6.23689,-14.4485,-4.25391
1319,16.6272,-5.08519,-6.15163
1320,2.61013,-11.6104,-7.90548
1321,4.66887,-2.14382,7.463
1322,-1.50299,9.53711,5.94399
1323,0.44334,-0.976843,-13.24
1324,-0.393919,-3.19597,-9.91215
1325,13.5347,-3.89263,10.007
1326,8.15963,-13.1989,11.4388
1327,-15.0709,-6.58285,2.1815
1328,-1.38997,-3.89617,-3.44668
1329,-17.5027,4.21062,-5.19685
1330,-7.13407,4.86627,-11.1355
1331,-14.3716,-6.50022,7.71172
1332,1.57888,-4.31086,3.02233
1333,9.47372,5.92489,-1.76449
1334,-8.53494,-11.2359,9.24282
1335,16.679,1.59931,0.207172
1336,-16.35,7.42664,-4.7136
1337,14.7517,1.48598,-2.10583
1338,15.6472,4.26322,9.26056
1339,-14.3207,3.70149,-11.8967
1340,-7.7345,-8.75843,2.32178
1341,8.16976,7.66309,-14.3882
1342,-2.06558,19.469,-0.8101
1343,-11.2031,-3.226,6.52906
1344,1.46497,-8.72181,-13.776
1345,-5.58035,-5.1252,-10.1366
1346,3.73719,6.25809,-3.53387
1347,-10.3451,-5.52549,6.56001
1348,-13.6993,-2.59307,-3.20618
1349,8.97998,-3.54538,-1.14087
1350,7.67384,-8.24614,-13.081
1351,-5.04757,11.1142,-4.61221
1352,-9.03793,-7.13257,15.6229
1353,4.13395,-9.92322,13.248
1354,-4.26341,-1.39095,5.16716
1355,-7.30449,-2.33872,8.77166
1356,5.07984,11.3608,-12.0633
1357,-14.2621,3.92744,1.00339
1358,0.644629,-2.70912,-5.27155
1359,-1.721,0.560696,6.55458
1360,5.03048,7.17133,8.66444
1361,-14.7844,-6.10808,-10.8778
1362,0.97165,3.18928,11.9239
1363,4.86663,-14.0693,1.27515
1364,-0.683276,8.39532,5.14644
1365,-3.78781,2.81058,-3.36706
1366,7.2807,-6.5474,-8.20907
1367,12.691,14.6564,-2.28721
1368,-5.8072,-17.485,-6.51587
1369,6.14358,-0.725707,5.98592
1370,-15.6966,-1.1235,-2.5135
1371,15.0886,-7.25293,4.41041
1372,-1.01076,-4.63074,-7.57301
1373,7.85526,1.06021,10.0214
1374,9.83471,-4.09453,-10.763
1375,6.64954,-5.14345,-3.64266
1376,15.4215,9.6514,4.17488
1377,-14.4706,2.75779,11.0042
1378,-3.70643,-1.11352,-17.9287
1379,-3.60948,6.56789,0.316732
1380,4.82256,2.21862,7.56508
1381,11.05,-3.92548,1.98976
1382,0.386722,5.72038,-17.8197
1383,-17.3016,-2.51593,-7.93057
1384,-5.03346,-6.63474,-14.9822
1385,-1.03378,-1.20666,16.4508
1386,1.29219,10.5026,-7.43205
1387,18.7514,-3.62726,-2.61483
1388,0.279747,3.7873,5.68256
1389,-7.3392,-4.47323,-8.08586
1390,6.11681,8.94234,14.225
1391,-14.5225,-5.81416,-7.6543
1392,-2.63294,10.4286,10.3443
1393,15.127,10.2048,6.80003
1394,-17.6178,0.70408,-4.50355
1395,0.655851,9.56711,-9.90624
1396,-5.61731,-3.03899,-11.6588
1397,3.13354,0.372561,18.4367
1398,-1.5943,-5.75685,-12.4083
1399,-12.4186,-0.336443,14.6225
1400,-17.8106,-3.58041,3.21711
1401,-3.25259,8.56539,-14.8115
1402,4.98501,13.9084,-6.33151
1403,5.22145,5.76178,-10.1347
1404,-9.11567,5.58383,8.32035
1405,8.499,-5.44998,11.2006
1406,6.64945,-8.55729,-8.45094
1407,-4.36908,10.8851,4.04327
1408,14.4901,-0.0234101,-11.9863
1409,5.98337,6.46477,14.2516
1410,3.28455,3.23886,5.4967
1411,-0.200066,-11.1469,-3.96103
1412,-8.3442,-5.71389,0.710201
1413,12.93,0.197826,-12.9744
1414,-13.8988,-4.14829,-8.47313
1415,-1.44944,7.40743,-2.06319
1416,-7.28787,-16.7875,-6.1687
1417,6.12923,-0.114823,-3.57568
1418,-3.45836,1.54803,15.2804
1419,-5.36386,-9.87705,-2.90471
1420,10.6954,7.2695,7.45584
1421,7.17222,-13.6815,-6.07207
1422,11.7019,6.4636,4.32602
1423,0.599853,-6.58209,8.04463
1424,16.6016,-2.8323,-7.84753
1425,1.5593,12.5774,-13.7511
1426,0.168482,14.09,5.03077
1427,-4.47479,4.0941,0.679185
1428,9.14767,13.8206,-10.2086
1429,8.91458,-4.29205,-7.16193
1430,-2.21119,-5.4024,-17.9502
1431,5.20192,7.34933,-5.08706
1432,-4.03683,12.2354,13.2483
1433,3.05773,8.47294,4.26158
1434,2.70658,9.78678,-14.7249
1435,-9.08374,-2.92176,2.58113
1436,-15.7149,1.62395,-11.4969
1437,-16.4791,-6.89718,2.60298
1438,8.7015,3.53931,-6.568
1439,8.76686,-9.48814,6.9328
1440,7.74226,2.72083,-2.04897
1441,-2.49478,5.27723,12.1601
1442,3.39981,1.67313,-17.778
1443,-17.0644,-2.52438,6.62297
1444,-7.72414,-9.25176,14.2891
1445,-4.10999,-5.80535,0.0884342
1446,9.33226,-6.8745,15.2528
1447,-6.38923,-8.47562,-14.6058
1448,13.8995,-11.9997,6.19132
1449,-8.298,6.74027,9.20468
1450,3.99631,-4.33436,-5.62432
1451,10.6216,8.3476,-12.1885
1452,10.1349,-6.73843,11.5638
1453,-6.81885,-1.80826,0.332926
1454,-8.86589,3.59817,-0.675411
1455,1.79984,17.4623,3.17999
1456,5.56673,-7.84487,-14.9492
1457,9.6763,9.68733,2.89609
1458,-0.960994,-7.2889,10.0778
1459,-0.76088,-6.64648,16.7896
1460,2.45039,-6.13472,-6.94665
1461,-12.0956,5.91171,2.81962
1462,9.64415,1.04304,13.5899
1463,3.35305,-7.61926,-12.7985
1464,-6.92034,13.5426,-4.52496
1465,-5.30251,13.645,6.91587
1466,-7.12534,-9.33322,-6.37368
1467,-2.9824,0.00169127,-15.5225
1468,4.48949,-15.8003,-4.87719
1469,7.58357,13.0073,11.8939
1470,2.82554,8.48423,-11.4408
1471,6.60957,12.3813,9.67182
1472,14.115,7.66716,-0.926401
1473,-6.43028,-11.2579,9.51219
1474,-6.55504,12.1694,9.20722
1475,11.7037,-9.73068,10.0524
1476,-12.4881,-9.17752,-10.4985
1477,-5.76244,-1.25752,-3.78215
1478,13.2936,4.57736,-8.67949
1479,-6.65412,-3.57856,-10.3678
1480,-9.1813,9.80903,12.8143
1481,-7.24564,-9.69726,-11.413
1482,-5.85038,2.56861,-13.3176
1483,8.16906,5.51558,-13.6637
1484,9.34141,12.9204,-5.79724
1485,1.2969,-8.7794,11.7414
1486,-7.32941,14.3915,7.29683
1487,13.3447,-3.78031,-12.5989
1488,-11.0987,11.6973,9.46956
1489,2.36904,-9.72262,15.1964
1490,11.8484,5.10231,4.07222
1491,2.25113,1.02603,-12.9113
1492,-10.753,7.1296,14.3604
1493,5.52411,-13.0585,-4.77669
1494,-6.45304,8.27097,-16.1856
1495,-14.8599,8.44939,7.39474
1496,1.68656,14.9029,-10.2559
1497,-5.62265,12.9591,-4.19247
1498,9.0759,-1.85333,-14.5831
1499,11.3823,12.4243,-7.78456
