0,11.9698,6.41136,-10.4165
1,2.58728,-15.1013,5.67505
2,-7.92941,-0.972338,-8.29781
3,9.66845,-12.7361,-7.18738
4,13.0526,-12.2553,-1.187
5,-10.6611,-2.85324,13.8824
6,4.55008,13.61,-8.38697
7,1.53166,-17.8204,-1.65882
8,-3.26446,10.5796,2.70446
9,17.8518,-1.5136,-7.07344
10,8.87626,6.1964,13.9919
11,-5.12064,11.8467,6.76846
12,-5.97109,-9.6871,12.2387
13,12.4028,-6.34647,7.4592
14,-1.55362,8.53003,15.0162
15,-5.75705,15.3142,2.10766
16,-5.13201,12.0127,-12.2669
17,2.22802,4.78742,5.99377
18,-9.03193,-0.890224,10.4973
19,13.5815,-12.6475,1.69226
20,5.63652,1.98739,-3.58549
21,-0.271891,-6.89656,-9.16286
22,13.8545,7.07472,-3.79019
23,-9.21036,-15.7791,4.15137
24,-0.942484,-4.09686,5.86203
25,1.13103,7.50281,14.9333
26,0.263148,-8.60328,0.181408
27,8.67722,6.0912,4.20361
28,-1.09487,-9.24709,-1.92763
29,-5.16466,-0.848817,-18.4062
30,-16.4022,5.52873,-5.28983
31,-13.3145,-7.98093,7.96032
32,14.9655,-5.39389,1.57956
33,-7.66714,-4.71331,17.091
34,0.236847,8.20201,-11.6933
35,5.45504,-11.9379,9.18097
36,-6.82617,-14.5283,8.74393
37,-4.6267,-11.8925,-3.02794
38,4.13081,11.4722,-8.2627
39,1.97962,-1.47323,7.1122
40,-10.2607,5.26061,8.62683
41,-7.90107,7.74054,-2.51639
42,-8.32805,11.601,13.1532
43,3.58454,-8.2149,11.9407
44,-5.22712,4.91111,3.25578
45,-3.87387,13.585,11.2841
46,6.58302,-7.31066,-10.2355
47,-17.3849,5.56817,2.98821
48,10.5206,8.63915,4.80404
49,-11.9069,-10.2505,0.315276
50,-1.73473,-9.11006,-15.1198
51,-7.55171,3.39194,16.3759
52,-1.43206,18.9869,1.83226
53,7.59999,9.10867,-5.72404
54,4.87179,10.7263,4.26972
55,-13.0973,-3.17491,-13.3224
56,3.57643,17.0132,0.0489324
57,-6.57693,-8.15784,13.8608
58,5.59685,15.4718,1.55936
59,6.74495,2.34288,-9.52371
60,11.8147,0.381396,5.70499
61,8.35687,-8.76748,-4.22516
62,13.9436,-4.90989,6.01775
63,-0.937536,2.74883,-1.89357
64,3.82638,4.56017,4.13087
65,-4.0099,-1.94948,3.96944
66,-0.393199,-15.7752,5.95803
67,8.19231,7.16905,-4.00811
68,7.99656,-9.04407,-11.1365
69,-11.407,-2.4108,4.28102
70,-4.772,8.98489,-4.70994
71,-3.61379,7.95435,3.2343
72,-12.4592,-1.91691,14.9577
73,-3.18879,-10.4119,-2.58134
74,-17.8042,-3.32509,-7.31009
75,7.40964,-14.8034,-2.59439
76,5.543,-8.76161,-10.1916
77,17.7686,-6.13993,0.574344
78,-10.9039,-0.582306,13.9668
79,0.745926,8.90772,-7.8335
80,7.99683,-1.22866,-16.6346
81,8.09523,-4.66946,-7.28052
82,-7.59974,7.85739,-4.8448
83,3.41829,16.8537,9.10575
84,-5.59491,12.0121,10.8146
85,-4.70066,5.13778,-12.2413
86,6.95976,12.6312,12.8805
87,-7.13854,-2.43307,4.22574
88,-6.38499,-10.3548,-9.00036
89,8.94312,11.6449,12.5191
90,-8.12006,-3.74965,14.2485
91,-11.197,1.5849,-14.2547
92,-5.23528,-1.95412,-6.60558
93,-6.1434,-11.4584,14.2306
94,17.9552,5.61317,0.278341
95,-9.25963,-7.50456,-6.0351
96,8.73803,-15.1715,-2.24304
97,-12.0276,-3.61542,-8.54473
98,-0.221287,-13.4853,7.1454
99,5.36948,1.89675,2.19091
100,11.0607,9.48706,-0.884361
101,-8.2139,9.38994,-8.25202
102,3.14729,12.7946,10.787
103,8.63202,13.3128,5.65539
104,15.3745,1.03001,1.68977
105,6.81356,-4.2207,-9.199
106,-4.78276,-14.8025,8.33026
107,9.06604,9.03546,-8.83849
108,7.17799,13.3216,-1.43824
109,3.13768,-4.86118,7.56381
110,12.044,14.2791,-1.53185
111,-0.524697,10.5302,15.5499
112,-12.4648,-7.49626,-7.00956
113,-4.06113,12.9708,8.69841
114,-11.8418,9.16918,-0.942419
115,13.9101,5.91184,6.8821
116,-16.3027,-6.15133,-8.4591
117,12.4345,0.300326,-1.00643
118,2.05861,-1.38265,4.48662
119,2.16851,-4.15765,8.75701
120,-10.4951,12.6848,-3.2149
121,-12.0438,4.1448,9.36028
122,0.718929,9.21134,4.56242
123,12.0917,4.2678,2.11835
124,-3.51786,-3.00508,-7.67648
125,-0.496187,-9.12625,-15.6117
126,-10.0601,-6.09304,-5.11308
127,2.13911,-7.68392,-13.2506
128,10.8807,-10.5272,-0.505199
129,-0.545525,-0.62847,18.6477
130,-10.3367,4.94867,-6.64789
131,-0.230602,5.50798,9.23567
132,-5.80876,-3.44452,-17.3684
133,-15.5636,-4.51657,8.91475
134,1.55123,-6.19305,-8.43843
135,-3.27657,-9.17333,-15.5011
136,-6.21369,5.71375,15.7885
137,-14.4426,12.4661,-3.36491
138,12.7329,-11.5218,7.66085
139,-0.298884,-15.3023,-8.81768
140,-9.09996,-1.51427,-9.63799
141,1.16458,-10.825,15.0923
142,-12.429,14.2375,2.7313
143,-7.27759,-5.70201,-0.936275
144,-11.0006,8.27937,8.75821
145,-1.27474,-4.27799,-3.55606
146,1.73018,-3.0167,-18.6215
147,-7.40422,0.948296,3.62669
148,-5.06738,-6.48932,-16.3785
149,9.92108,7.89644,-0.817059
150,15.5915,-9.19721,-5.89227
151,-9.21645,7.59622,4.59174
152,-9.32557,-0.487926,-7.08519
153,-12.5437,-6.86425,0.576986
154,-0.568909,-8.34378,2.42423
155,-3.14197,-10.1969,-3.96152
156,12.0769,9.5267,-9.21248
157,8.41236,-2.1253,-13.5636
158,-15.5413,-2.95294,2.94257
159,15.0806,3.11153,8.65676
160,12.3188,12.0437,-0.322161
161,4.55567,5.89141,-11.4427
162,-7.95314,-5.17633,-11.9839
163,-15.028,8.30751,5.66003
164,8.62847,8.6965,12.2632
165,-5.89507,-6.4158,-11.8979
166,-9.66414,-9.2783,8.9422
167,4.03474,-17.7114,-0.573583
168,-1.51408,2.97524,-13.4011
169,-16.9516,-7.45499,4.55747
170,-3.90927,-9.84898,3.51403
171,12.0272,-6.33279,-8.59404
172,8.58287,10.9234,-2.4919
173,-2.34069,12.5251,-6.72827
174,7.65766,2.09305,16.2692
175,3.28273,-1.43689,-6.73166
176,-8.09829,-7.98829,-1.80368
177,7.79296,-6.99911,-12.7942
178,6.39947,-2.44088,-3.27759
179,6.464,14.6028,-8.58811
180,4.21734,0.611708,-0.516098
181,12.1625,6.30764,3.06536
182,10.4187,2.65571,7.50494
183,-4.7785,-5.24819,7.14482
184,10.7465,5.867,11.5613
185,18.5216,-0.434878,-4.15122
186,5.49744,1.50945,15.7485
187,17.2915,2.5009,7.65275
188,5.98588,9.38109,-4.78814
189,-10.4159,-8.36797,-10.5882
190,-11.1362,-11.0238,1.43759
191,-4.96863,12.9891,3.63145
192,-1.19543,-0.985489,3.02625
193,1.82916,9.48022,6.41379
194,3.37397,2.16042,9.59175
195,9.56575,-8.1624,-3.43169
196,-9.03802,-10.3938,-8.59479
197,-12.7272,-0.40438,-6.43824
198,9.13775,3.52985,0.471767
199,-11.5813,9.983,-2.58408
200,-8.4511,2.69154,-8.0799
201,-10.7657,-8.42798,3.56836
202,2.46311,14.6901,-4.96287
203,-3.04773,-12.2194,-4.14275
204,-3.1098,-2.57902,-13.2445
205,-7.30067,10.6841,-9.65792
206,-6.64919,-10.1622,-4.79982
207,1.42966,-4.39761,-17.5042
208,-1.66191,5.66126,2.20787
209,19.2748,-2.65077,1.00973
210,2.13482,-9.48375,-3.9799
211,9.18251,3.27168,-11.6462
212,-11.7407,-8.49098,-0.193364
213,-11.6272,13.0268,-1.27137
214,-11.8995,-5.92804,-7.96506
215,-8.87334,7.41762,-8.04105
216,-6.36074,7.33115,13.5815
217,-14.9626,-9.4131,-8.46129
218,-6.57298,-0.854001,14.6541
219,13.7582,1.14498,2.82864
220,11.3836,5.16908,9.29202
221,9.53873,-6.56003,0.213681
222,-11.441,6.44221,5.67132
223,12.7053,11.1372,-8.29288
224,-9.28916,-6.51522,-8.77883
225,-15.6823,3.93226,-7.09576
226,4.78637,-4.10302,-15.6893
227,11.5201,-8.29879,7.23092
228,-12.1673,-12.1945,-3.32089
229,9.26222,4.84178,2.24771
230,-12.2432,-1.46794,9.32999
231,-15.9048,5.10074,1.09393
232,5.19556,3.23684,9.96418
233,-13.1693,-10.0871,4.50949
234,-10.8476,10.8283,-12.1141
235,-8.78768,-6.55774,-4.6472
236,-11.3868,10.5598,-8.7787
237,-12.1838,-2.93258,13.4427
238,-1.64408,1.61894,-11.5752
239,-6.2003,-12.1087,0.757854
240,-2.65669,-13.6747,-10.3841
241,-1.9303,11.0094,5.02255
242,14.3512,-1.45883,-6.79982
243,-0.793503,-12.3134,-2.78559
244,-2.86062,-14.3078,4.69456
245,-4.91422,-7.70091,3.70424
246,9.18394,-3.06395,9.99192
247,0.106578,4.01738,0.338262
248,17.033,-7.19418,2.89935
249,-2.65319,3.67861,18.1104
250,-10.8214,7.56218,3.35452
251,-10.535,-12.4657,-7.49845
252,-4.38407,-5.96763,17.6207
253,-1.69757,-4.26565,-12.6239
254,13.7632,-11.1492,-0.803334
255,4.92672,-4.48712,-13.1787
256,-11.1064,3.74577,11.0431
257,7.73607,8.01129,-15.4156
258,-8.84995,12.2178,-4.44579
259,-10.6937,5.98397,-11.682
260,4.16849,14.3321,4.70729
261,11.4719,2.90706,13.702
262,-17.0212,6.37585,6.56315
263,2.31782,7.81652,0.637682
264,-7.11038,13.3997,10.2545
265,8.98182,-3.40394,-11.8014
266,5.36048,-14.3064,1.57984
267,-7.35447,17.5027,-0.753049
268,9.57929,4.0434,-16.4565
269,-14.4098,3.59615,-8.48466
270,10.5927,-5.55611,-14.4925
271,-6.87359,5.29936,-9.37314
272,4.20727,9.94517,-10.5568
273,-3.4024,-10.5634,-8.1249
274,15.6605,-1.2491,4.68414
275,-0.537296,0.915737,-10.4412
276,5.87095,5.96939,10.4078
277,-14.1251,12.5254,-1.50716
278,6.38392,-15.9544,-3.64354
279,3.45065,17.324,-5.59195
280,-10.7232,-7.4304,8.20966
281,0.63968,12.7417,6.02257
282,-10.0062,-16.3247,-2.22538
283,6.54349,0.763883,14.8372
284,-5.66571,14.4761,-9.90012
285,-1.01176,-17.1986,4.33716
286,-0.556545,-8.65602,-6.7404
287,4.67661,-9.62302,12.5717
288,0.00758497,-1.5903,17.5848
289,-11.4939,-0.967603,7.883
290,-0.679683,6.93397,-1.74943
291,2.22928,6.68791,-5.61176
292,-11.2716,4.50746,12.3644
293,1.17119,0.69746,-19.0129
294,-13.8818,-5.25029,11.9458
295,-10.4816,-12.4053,-5.35089
296,-5.6007,-8.39666,7.77519
297,-10.5471,6.30799,-0.661591
298,5.15831,-1.16271,-5.67014
299,-1.80577,2.42848,16.5653
300,1.27702,-9.41009,-15.8328
301,-2.99682,-11.1841,0.514235
302,-3.73615,-16.2504,5.43905
303,9.33785,-1.85836,-6.87714
304,3.12393,1.14086,-4.28694
305,7.95428,-2.2102,-3.82103
306,8.16196,-0.345893,17.2445
307,-10.5488,-6.0949,-1.24701
308,-13.2056,2.78422,-2.11621
309,-4.9301,-5.53454,-1.39371
310,-0.322634,7.70914,-9.19772
311,10.3436,8.35283,8.01999
312,-12.3985,5.78609,-8.31733
313,2.75226,4.44726,-17.8455
314,6.01475,12.8379,13.3619
315,-1.48229,-3.23777,-4.93528
316,-0.944197,-13.1897,10.4233
317,-7.21905,14.3955,3.51994
318,6.19646,-4.10264,-6.43068
319,-0.0126719,2.14241,-9.63488
320,16.9807,5.44371,7.96337
321,4.37554,-4.64801,-2.74444
322,4.37702,4.26866,11.0402
323,1.66948,1.14975,-1.18463
324,16.2478,-7.22126,-5.31284
325,6.4357,-10.1752,-14.2182
326,2.57758,-13.7393,9.6233
327,6.76399,17.8821,-0.188905
328,-6.82207,9.43217,2.78564
329,0.686062,2.91275,17.5216
330,-14.905,6.56338,-8.81644
331,-15.7909,-10.8974,0.375871
332,3.9817,7.46359,-12.2672
333,3.89543,-12.8413,-7.78848
334,2.21984,-9.15446,5.09962
335,-12.4014,-0.198195,6.14615
336,3.14266,-3.3449,-0.783829
337,-15.1599,1.78776,-10.7258
338,-5.39578,-13.3751,7.60152
339,-7.13407,-9.85772,-13.4121
340,5.11451,-1.044,-6.76549
341,4.61987,-6.01423,6.41385
342,1.06617,16.0106,-1.86638
343,9.8278,1.57593,-5.32454
344,17.0106,0.737041,2.5942
345,-5.43914,0.756641,-14.486
346,7.55704,-5.20659,-11.3158
347,3.40864,9.68608,4.26922
348,16.4087,9.82464,-0.297138
349,-7.75201,-1.24136,6.74414
350,-13.4857,-6.91752,-7.73902
351,15.3565,-4.50494,9.20906
352,-5.75605,10.044,-5.81432
353,6.04932,1.16726,7.71618
354,-2.87551,-8.97917,2.79944
355,4.5332,10.5759,14.3954
356,10.4813,-9.0259,10.0485
357,14.1187,-6.69227,0.646102
358,-5.1072,10.3673,-14.1657
359,-2.73628,14.3567,7.79384
360,1.36307,15.2197,8.56563
361,14.0226,-10.3603,7.75995
362,-13.4614,-1.05478,8.20776
363,-2.77282,-0.29292,-4.06488
364,4.7698,15.8123,-5.39458
365,2.41093,5.22322,10.8946
366,1.27825,14.5476,12.2295
367,-6.31507,6.8181,-1.1644
368,3.90856,2.27769,18.2447
369,-8.42473,4.3692,0.609856
370,-15.3637,-4.92705,-0.965398
371,-5.33864,7.79037,7.43934
372,6.196,15.7512,-8.60919
373,-0.905704,-0.458911,11.087
374,12.6314,3.12347,-6.79253
375,-7.39804,-9.40258,6.86522
376,-0.8001,0.410441,-18.9483
377,6.64679,1.11522,17.9379
378,-17.1371,4.55337,-1.87155
379,-12.1297,-5.8337,-9.57689
380,6.57188,-12.2493,5.37588
381,-2.94047,-12.9719,-9.67358
382,6.62421,-16.3929,-0.10306
383,-10.8288,-0.329848,-4.91024
384,-0.229277,-1.49496,1.33261
385,-13.4567,-6.7482,2.34125
386,-8.94151,-14.672,6.37932
387,-15.1227,-7.64373,-9.62504
388,-0.0597762,-2.22309,-11.697
389,-13.8238,-3.18282,-1.03959
390,-11.2612,6.59853,-10.1235
391,4.86468,5.4293,4.49608
392,-4.69835,1.01166,2.46158
393,-9.30897,-8.03976,-4.47911
394,-9.96732,2.8946,-4.75111
395,4.83721,12.7176,-4.80352
396,-11.6845,11.1219,6.03241
397,9.18652,2.42587,-10.5473
398,1.64186,-13.8559,-0.490272
399,4.73513,7.75323,-13.2996
400,-0.157753,-11.0569,-4.87092
401,-4.55065,13.865,1.58475
402,8.01619,6.13394,3.10082
403,6.75993,7.20003,0.732124
404,3.57326,0.821945,2.08831
405,-10.6372,-13.4892,2.90248
406,4.7972,9.97516,-13.0974
407,0.177931,-0.924611,-5.12676
408,-15.3624,-3.02882,1.03512
409,6.4134,0.37011,-14.8998
410,-7.66924,-13.2167,-0.898291
411,7.61496,-8.16655,-8.83087
412,7.37532,3.82927,-15.4328
413,11.6011,4.17926,3.7255
414,8.10464,12.4702,6.0654
415,2.75067,-13.7565,-0.172579
416,5.18723,-5.1755,-14.0555
417,-6.28768,-4.36672,12.4475
418,-5.29505,7.46309,4.35114
419,-2.66202,8.24049,8.60994
420,-13.4266,-12.28,3.52998
421,3.18511,-2.09744,4.00757
422,4.11441,-5.84379,-6.81369
423,16.8771,5.39721,-2.61687
424,-16.5425,-7.68859,-0.156734
425,-13.5265,-3.05469,-7.415
426,-8.57602,-8.55548,5.87754
427,15.9197,7.15274,5.52933
428,2.52215,-0.464616,-7.41717
429,4.62738,-10.9373,-1.11568
430,-2.04201,6.41057,-14.6505
431,3.96198,-16.4084,8.01173
432,6.43689,13.1146,-11.7498
433,-13.316,-5.03567,3.62199
434,19.1108,2.79299,1.36447
435,8.91536,7.35303,3.73495
436,13.3132,0.489313,-14.1337
437,8.92794,-15.4729,-3.67266
438,-12.6889,-2.69009,9.21262
439,14.0671,5.6363,5.30916
440,9.61844,11.5491,-5.35944
441,-13.2291,5.24667,-4.41531
442,8.42242,-8.3613,12.5041
443,-7.51715,-12.1092,-9.41866
444,-5.25043,-4.45826,-0.808883
445,1.756,13.7472,7.37312
446,-1.58931,6.94668,-1.10924
447,-0.589403,6.23219,12.0043
448,-1.2843,8.53869,8.44832
449,-9.38723,-1.08889,-5.01269
450,-11.2203,-11.2833,-2.47341
451,0.801578,-4.58673,-1.13261
452,-14.1942,10.7858,1.93505
453,-18.8976,-0.539407,-4.94303
454,-2.64797,-16.789,-7.34677
455,5.97092,-7.55689,-0.0677529
456,-1.61268,-5.45653,4.80899
457,12.5169,6.88834,-7.00151
458,-7.21636,-5.09742,9.97907
459,4.96579,-3.8264,3.84607
460,-4.89231,-1.73043,4.8157
461,-0.716597,8.99681,13.1958
462,8.04002,-12.9656,0.842246
463,5.26049,9.89796,-11.1135
464,12.3815,8.89213,10.8101
465,-12.3849,13.3763,-2.39215
466,5.61458,8.08661,1.79291
467,15.8352,-6.92746,-6.61355
468,-14.0425,12.5189,3.02206
469,-6.10514,15.7839,-0.74358
470,4.92235,-17.2378,-0.205897
471,-1.67497,-3.82507,-14.9608
472,-10.7868,3.77503,-6.25165
473,7.94327,4.59147,3.28586
474,-1.78107,-5.64139,-12.9488
475,8.74464,-1.45595,-2.42762
476,-3.81599,-4.94664,1.46752
477,-2.16266,12.1849,-13.3578
478,10.0251,8.35288,11.628
479,-10.2038,-11.186,-3.10364
480,7.08293,6.6014,15.5641
481,-16.518,9.19227,2.89892
482,-7.54992,-10.0523,-5.24912
483,1.37982,7.71166,-17.9219
484,-8.59515,-1.63299,5.57001
485,7.41887,13.8924,10.2929
486,1.9946,-8.11366,-9.4646
487,2.01897,-10.4316,12.9846
488,-1.39989,-13.4826,-2.73972
489,-6.92266,-13.1419,-7.88916
490,5.53316,-8.62309,-6.15193
491,9.98509,2.09898,-3.943
492,12.9466,10.4204,5.95598
493,14.9665,-6.30306,-9.68744
494,-10.0281,2.10512,1.71556
495,-4.4699,-10.3955,-6.16402
496,-6.19771,11.1018,-9.63483
497,15.9207,-2.89455,-2.84624
498,-1.53392,14.3776,0.607435
499,13.0363,9.07704,-5.63295
500,-8.34246,11.5916,10.1394
501,-6.72318,2.93978,-7.85755
502,9.14654,3.60873,7.3853
503,-15.3373,-1.46919,4.96651
504,-4.69369,-2.20206,-16.7334
505,1.70571,12.3026,4.36131
506,-8.43592,9.33437,-3.98829
507,-14.4933,-1.26405,10.9797
508,-12.0343,-4.48168,12.4174
509,-7.7899,-11.5238,-4.95037
510,-3.61392,13.208,-6.57986
511,6.66212,-8.68028,-7.56049
512,0.778575,11.7783,-11.3459
513,-1.25609,-1.80826,-0.645678
514,14.163,-6.69813,1.65632
515,-12.1208,8.28052,-9.28216
516,-5.91796,8.75304,13.3366
517,-5.49032,-17.8434,-4.72964
518,9.12465,-4.63417,-15.9935
519,11.9469,-5.55657,-4.07315
520,-6.63517,14.9767,8.29233
521,0.67545,-5.54207,-1.90458
522,13.0471,0.427059,6.44817
523,-9.51477,-3.69656,2.62494
524,4.93226,-11.2499,-15.0584
525,-0.614864,2.72864,-11.6042
526,4.26409,7.90797,-16.2769
527,-1.89242,-14.6962,6.78822
528,-2.34681,-5.07068,15.1657
529,-3.57594,5.38185,-15.0408
530,-7.95688,-3.23248,-2.907
531,3.30295,-18.7771,-3.47666
532,-2.12646,15.0208,12.0734
533,13.7879,-1.5317,5.93399
534,3.99518,-4.85693,17.3895
535,13.1198,1.72842,-11.3783
536,4.02531,-16.9072,0.326998
537,-4.14341,-12.4848,-4.64343
538,-6.75792,8.70206,3.75739
539,-8.17901,-14.8275,-9.35172
540,6.90092,5.52931,2.12956
541,12.3478,9.85459,-4.92581
542,-18.0983,2.47879,5.78347
543,-12.6006,-7.87728,-2.234
544,-4.48865,13.9632,-0.140613
545,6.79627,10.1209,12.0352
546,4.32793,-0.909822,-9.8397
547,14.4296,-3.97083,7.94523
548,-3.9064,-11.5204,11.3272
549,-7.18459,-16.6942,-4.59548
550,2.83569,-11.6732,3.44516
551,12.1782,-2.2396,-7.9686
552,-3.65201,-17.6454,4.96993
553,1.73099,14.3502,-7.87228
554,15.8226,-1.61412,-2.30142
555,-3.6561,-3.1345,0.0139909
556,2.06375,17.4431,-4.29084
557,5.50645,-2.55062,-17.7206
558,-1.18628,-11.4842,-8.49251
559,12.2079,-5.48887,1.29858
560,-8.58942,-2.19177,8.77105
561,-9.16601,-5.92158,-12.3821
562,-0.566674,-8.07889,-7.6085
563,1.76682,-13.727,-2.82083
564,2.47085,1.97799,-12.3385
565,4.29125,-1.02883,0.132718
566,10.1027,-9.4101,6.97564
567,-8.40627,-4.77006,-8.89568
568,-13.3059,-1.73889,-6.51841
569,-13.9809,3.96445,0.510502
570,9.0848,2.34396,-5.89728
571,0.136511,13.3072,-10.5979
572,-11.6935,-12.9006,0.260728
573,-2.03102,5.77713,-12.9957
574,4.34254,3.41311,-5.76189
575,6.0646,-1.4942,18.4304
576,6.73964,14.6614,10.3631
577,3.33002,-3.20597,18.7069
578,-3.23682,5.31404,-10.5758
579,11.3139,1.90492,14.1332
580,-12.3197,-10.1383,-8.65741
581,-11.5911,6.61417,13.7739
582,5.27437,-2.50364,1.66943
583,-1.60367,1.34387,3.77433
584,10.1522,-11.7349,-6.41206
585,-4.83329,1.21049,-16.7742
586,5.41589,9.50426,10.4828
587,9.35419,-14.1565,-6.25679
588,-16.8544,-9.1766,3.00154
589,-15.4648,-1.39668,-2.61638
590,-5.41564,11.2211,-0.190613
591,3.84167,14.0845,1.7295
592,14.1038,5.29955,3.76158
593,8.71121,-14.0756,5.72486
594,4.18784,-1.7084,3.79677
595,-8.01745,10.0196,14.5113
596,6.27552,8.82843,-11.2999
597,-3.80506,-8.08914,-16.6215
598,6.94649,7.20614,-15.4514
599,2.43879,-2.79944,-11.2236
600,4.9053,10.0501,6.02434
601,12.8353,7.51671,7.46349
602,7.44646,10.5408,3.9722
603,7.81529,4.64546,10.8755
604,-11.6663,6.43413,-11.947
605,13.083,-4.9006,-12.6347
606,-5.31723,9.61434,-12.6342
607,3.09077,-3.00734,-4.10444
608,-3.6475,3.74029,-10.7627
609,3.58027,6.40779,4.08105
610,-2.31043,-1.52851,-1.38791
611,-0.56897,-4.21034,-10.6253
612,14.6487,0.532408,5.84563
613,-13.7,7.82306,-1.90409
614,-5.44094,7.72811,-11.2505
615,3.92797,-8.92432,15.3179
616,4.93543,-7.56923,-11.9755
617,-7.84691,-6.32398,-11.0145
618,5.77954,-0.700348,4.43442
619,-13.157,-10.5015,-1.12432
620,16.9084,-5.19341,-5.79412
621,-12.5181,8.67255,8.79349
622,10.2857,-8.00778,5.52649
623,5.87977,4.59366,-4.9587
624,1.81403,9.62388,-16.0666
625,-9.75567,13.5328,-0.976229
626,4.81008,16.3273,-2.63737
627,-1.83416,12.0255,-3.77414
628,-14.1241,-10.4555,6.59836
629,9.22175,6.77111,7.57609
630,-11.2408,0.326487,3.30955
631,11.9881,-1.59869,12.05
632,3.03054,11.9859,3.49036
633,5.58258,9.03371,-2.47748
634,-6.23329,-6.50641,-13.9167
635,-10.2803,5.55782,-2.56695
636,12.1095,-14.0483,0.637458
637,0.11514,11.9616,5.62394
638,11.2199,-4.72207,14.8547
639,0.175293,-4.67112,5.50159
640,-9.36244,9.25403,9.93103
641,8.15746,-7.31844,-11.6128
642,-6.78315,-9.86619,-2.11286
643,-5.40281,-11.4331,2.82834
644,0.904823,6.43319,17.599
645,2.84705,-5.08078,-13.0193
646,-11.1898,-0.236121,7.12948
647,-13.8334,4.3793,11.8816
648,2.56284,13.6904,6.71859
649,-10.4372,-6.05587,1.95611
650,18.2248,0.592755,4.05817
651,0.509457,9.34624,6.82681
652,-4.43537,16.6884,0.415865
653,-13.8907,4.9941,2.38108
654,-9.22168,4.13324,3.12511
655,-5.67337,8.11839,-2.62006
656,-9.29319,-13.8881,-0.426781
657,8.41644,4.32723,7.68926
658,-9.14502,-7.40658,-13.2497
659,11.0363,-5.88997,7.61452
660,5.15593,-13.1152,-2.66825
661,7.07802,-8.65378,14.9771
662,-11.5114,10.6681,7.15204
663,11.5557,-9.21612,6.22657
664,1.45148,-4.0382,2.45537
665,-13.9339,-1.48027,-10.791
666,1.52136,-7.08012,15.8497
667,7.62014,6.00451,16.9365
668,-6.92927,-10.5844,13.1296
669,-16.5948,-5.04432,-5.20016
670,-1.14723,-15.3748,-8.04315
671,8.86709,15.8518,-1.68521
672,-0.659721,-16.1097,0.0333417
673,-2.81011,4.41286,1.80644
674,3.24964,3.85448,15.9517
675,8.58613,-4.57801,-13.4879
676,9.098,-8.92044,-0.384191
677,0.0792625,3.54922,-1.73213
678,2.08397,5.04947,4.27005
679,-4.02014,9.09843,13.8493
680,4.11637,-0.946051,-16.1222
681,-9.95763,-5.65829,7.82062
682,0.883801,-1.52078,6.00274
683,-0.392305,-15.5116,10.1995
684,-1.37188,10.5801,8.73927
685,-15.9784,3.44713,2.50457
686,5.86615,7.54831,-14.6125
687,-4.89414,6.61004,9.73241
688,-15.3,7.59341,-6.5763
689,-2.73269,11.8712,9.25176
690,-4.01087,6.17653,-14.3286
691,3.23893,7.326,2.29881
692,6.29656,-0.283394,7.75766
693,-16.0028,-1.22509,0.494957
694,9.62659,11.7612,-3.22819
695,6.14129,-6.44535,4.27151
696,-13.2726,-6.17159,-8.39157
697,15.3045,-3.64882,-6.69052
698,-5.57187,2.93736,3.20012
699,2.78194,-12.0658,6.01963
700,0.985374,-7.21577,-9.42302
701,-4.97398,0.357569,9.60066
702,-8.46878,11.268,4.04355
703,-4.4948,9.54271,9.27411
704,-7.91149,17.325,3.21459
705,3.59834,-4.19958,-7.29222
706,11.1484,-2.37155,-6.74704
707,6.23623,-13.3063,2.88256
708,-6.35272,-15.7999,-4.78844
709,-1.41387,-4.55416,12.3404
710,9.93136,-6.63264,-14.7669
711,-8.27706,-2.80752,-8.16813
712,-11.5789,-14.6364,4.39577
713,-10.874,-14.3502,-4.95086
714,-10.5998,2.58794,-3.0956
715,-12.1559,-5.81461,4.19589
716,4.98626,-6.36095,3.17933
717,13.3724,10.3192,-3.61384
718,-10.7757,-4.67223,7.312
719,0.525451,-7.77626,-2.47025
720,-8.25443,-12.5802,1.67821
721,-8.34711,-15.5612,-5.26841
722,4.08246,0.144388,-3.53721
723,-2.46223,12.5139,7.47031
724,-5.62519,-16.7999,-4.6928
725,-8.72386,-12.3688,-0.919318
726,-2.27452,8.85444,12.236
727,-17.3255,-2.02179,6.7715
728,-3.52672,0.13782,2.46552
729,-8.82575,-14.5971,-2.56006
730,3.8938,-5.0703,10.6045
731,17.7956,-0.36111,-1.34948
732,-8.56807,-9.23086,-5.14037
733,2.78959,-10.7746,8.32892
734,7.94367,8.26065,-7.96316
735,0.813763,13.1076,-13.4066
736,8.34992,-1.958,-10.8141
737,4.58301,1.25132,-7.57659
738,-10.4067,-15.7479,-1.30176
739,11.3145,7.76195,-9.29867
740,-9.20876,6.10977,-6.7516
741,1.93725,10.1969,-11.3539
742,-18.6679,-0.468879,-0.960863
743,-4.05632,12.9742,7.45019
744,-1.92733,-10.5153,-12.2361
745,-14.3114,4.27418,10.4449
746,6.79189,-5.71866,-16.6225
747,-5.91012,9.88994,9.29846
748,5.16614,-15.4027,-5.43522
749,-12.5236,-5.90521,-6.08609
750,10.6723,-11.1593,11.6749
751,4.82262,12.743,9.89998
752,-3.88262,-2.47454,-12.42
753,-12.8156,7.94323,9.90759
754,-13.475,-2.23864,8.69662
755,0.999949,-8.07431,16.3584
756,3.7394,14.7399,-3.09773
757,-6.08644,7.83333,3.41626
758,-5.40012,-11.4619,-6.57294
759,-4.11884,7.85473,8.76218
760,9.66969,-15.9347,-2.21058
761,4.78193,-2.70468,6.18998
762,-2.64049,-16.2478,-8.80667
763,-1.0821,-7.16841,-1.24385
764,-3.8363,14.863,-3.90214
765,-2.19507,-0.312279,1.59603
766,14.1819,2.6182,6.96896
767,6.58476,11.3976,3.41992
768,-12.6041,10.411,-6.37871
769,0.124398,-5.11633,-9.40805
770,-9.77384,5.72862,-1.01184
771,0.417737,5.79138,12.756
772,-1.68123,-11.2205,-4.19262
773,-1.3898,-2.2373,15.4551
774,-0.33704,-17.5577,-0.507347
775,13.3456,7.61185,-8.58923
776,8.79962,-7.98457,13.8458
777,-3.2159,-1.34171,-11.8763
778,7.50382,4.87197,15.1884
779,-11.8179,-10.5443,-9.71891
780,3.6252,-6.06887,-4.24613
781,-9.08042,-2.97787,1.06552
782,-9.69274,1.56032,8.358
783,-11.2046,7.29642,-4.61192
784,-8.31002,-4.58442,-13.2652
785,5.91938,15.6711,-4.98681
786,-3.75332,-13.1804,-11.3288
787,-7.21045,3.79757,-9.51283
788,-10.4718,-12.8524,9.79826
789,-0.973427,-5.41741,17.8587
790,-2.42274,-0.498783,-2.53531
791,-1.25261,3.41758,-3.43455
792,-0.14098,11.4561,-9.15747
793,8.08075,-8.83639,8.78225
794,-4.90085,0.0545594,13.0229
795,0.360488,-3.70853,4.69812
796,-6.02266,-0.66195,-0.0509836
797,-3.81477,12.1034,-3.12543
798,-0.953691,12.2141,11.3924
799,-16.6604,0.101209,7.10349
800,3.33552,-4.57924,-14.0444
801,-0.196029,4.89219,6.30077
802,1.49621,-7.78458,17.73
803,-5.87603,9.06406,-15.883
804,18.5705,1.51302,-1.21205
805,15.0237,11.0129,0.022044
806,-5.90534,17.8704,4.55042
807,-2.93317,4.83707,14.6654
808,-5.1787,5.15399,0.377746
809,-1.69808,2.98402,7.23255
810,-2.73244,2.64522,7.30577
811,2.61556,15.5258,-2.96701
812,-8.04815,-1.85841,13.8163
813,12.8866,-8.98985,3.89565
814,-1.77115,-11.5418,5.2194
815,-1.07422,-3.71172,3.00468
816,-11.5283,-12.4097,4.83808
817,3.97665,-11.2114,-11.281
818,-0.215718,-7.07571,14.9075
819,2.07013,-11.1823,-0.67487
820,-2.8631,15.5113,11.6015
821,2.65113,-15.9947,7.40341
822,-17.2691,-0.0971384,3.26254
823,13.0959,5.87249,12.1771
824,9.75755,-14.7806,-3.6203
825,6.16955,-9.10826,-8.7441
826,18.064,-2.42568,4.95189
827,-9.11813,10.2224,-13.5114
828,-0.652128,-18.1301,0.73191
829,3.33032,-2.98432,-10.7903
830,1.08278,12.1369,1.29951
831,8.64076,-10.5085,-4.78294
832,3.57808,12.8127,-13.645
833,-3.5459,12.9973,10.2671
834,-10.4602,3.03256,4.11058
835,-1.12511,-13.7941,-8.15405
836,6.92025,12.4373,8.60436
837,16.0672,7.64687,1.27343
838,2.14168,-6.55658,-12.9449
839,2.51516,-8.82956,-8.02408
840,14.7767,-8.18547,8.71959
841,7.61266,-1.85578,-15.6519
842,-4.0603,10.9521,3.67782
843,3.88843,-8.54353,-12.8061
844,-11.7481,-1.3115,5.11216
845,7.75834,0.350564,-17.0677
846,15.7839,2.32315,-11.0625
847,13.2285,-0.606598,-12.9301
848,9.1097,-5.31204,13.6582
849,-0.503517,8.39536,-2.61954
850,-4.84666,10.1144,2.76406
851,-10.3691,-2.58602,-12.993
852,6.6617,-4.88396,13.0901
853,1.15566,2.23868,18.6876
854,-8.66018,-14.9068,-3.59056
855,-4.27311,-9.88794,-12.1015
856,7.97033,-5.2283,16.4429
857,17.2868,-6.19719,3.2391
858,10.4805,12.3138,-4.53076
859,14.3705,6.77119,-6.00591
860,1.40004,-10.893,-2.54923
861,14.0961,1.46299,-11.6788
862,8.15783,3.29012,9.37935
863,8.58582,4.3657,-11.9428
864,10.3225,-1.18659,-10.183
865,-6.36112,-17.4392,5.58717
866,-13.8016,-1.1161,-3.52278
867,-12.3994,-12.9006,3.1394
868,-2.28086,2.31995,13.4471
869,-4.70589,11.9568,-1.29967
870,-1.36502,-8.5354,7.61456
871,-3.05811,-5.38961,-0.0793711
872,-11.353,-12.2138,6.34972
873,14.497,-11.1877,-2.57412
874,4.62026,-6.18154,-17.3352
875,14.4412,-7.38796,-5.85789
876,-1.10584,-17.3521,6.70513
877,-10.4789,-10.0298,4.85242
878,9.34307,3.95735,3.10071
879,-2.83221,-7.95752,-12.9492
880,-5.83044,1.57002,10.0483
881,-3.90682,10.7634,1.14126
882,-1.39584,-11.9757,0.682235
883,12.1677,-4.53041,-5.12142
884,5.11641,-16.6109,7.96201
885,-14.0083,4.59596,-4.49797
886,-9.95877,-9.38528,-10.2792
887,-4.60178,-6.69929,-12.4583
888,-5.80023,-13.8855,9.00664
889,-9.50283,0.0845399,-8.9698
890,1.66098,-6.76863,-11.5695
891,-2.94894,-5.23739,5.66402
892,-11.2325,-11.2239,3.70468
893,-7.45297,15.0562,0.9059
894,-0.339086,-6.34319,2.724
895,-1.01716,12.05,-10.5447
896,7.98035,3.51631,15.1472
897,-7.90563,-14.5721,4.38181
898,6.64675,10.3021,1.74206
899,4.51594,-11.577,6.55573
900,-4.9509,14.0126,12.0175
901,13.1217,9.60277,-6.48352
902,10.3423,9.55569,-8.42845
903,-0.873327,3.08698,-8.69344
904,2.3578,10.7353,15.6142
905,3.21954,14.4354,5.58489
906,12.8219,-5.02091,-7.45507
907,12.5849,-6.47739,-10.2613
908,-12.0433,-8.43068,4.97647
909,13.7287,7.96049,6.55625
910,-7.93575,-6.04897,-16.533
911,-12.2075,0.135755,9.11347
912,-1.52295,8.85001,-7.86096
913,-9.17568,-6.9742,0.48241
914,-7.46579,16.8062,-1.6712
915,-8.63073,5.94317,-14.9911
916,12.9853,-4.60489,6.49814
917,-6.85164,16.5006,6.44918
918,-15.7784,-9.94222,1.59211
919,13.7131,-5.34758,-3.76454
920,-6.00243,-3.3883,-12.5042
921,-7.2607,12.6577,-11.7401
922,10.5761,12.7782,8.96931
923,-4.20193,-10.0125,-7.57602
924,-6.54102,1.41218,-9.88059
925,2.28863,3.02417,11.5955
926,5.70831,3.80845,-10.041
927,11.0108,6.74597,-9.90663
928,5.48835,15.1908,-9.23102
929,10.5352,6.88611,14.8515
930,-3.40039,2.69143,10.1501
931,-8.89728,0.356411,-16.9216
932,-12.5568,2.77551,-8.0292
933,-6.54897,-2.46205,-6.76696
934,-1.20217,10.4777,10.6094
935,4.84515,12.8834,4.47949
936,-3.5726,16.5295,-4.34037
937,8.64423,11.4417,8.68291
938,2.73646,2.16235,-18.4713
939,-7.54363,-9.61649,12.0443
940,-5.24805,6.70704,-7.9412
941,1.73839,8.46788,-12.6461
942,-7.23983,-6.63742,-2.4829
943,13.6394,-7.14034,10.2052
944,8.51886,11.5698,-4.45506
945,0.977019,11.3207,-3.6445
946,-1.78084,4.1937,-6.27309
947,0.226032,-0.265991,9.70674
948,-1.41846,-1.9496,-2.90229
949,-12.4445,-4.56137,-6.42276
950,-15.3372,-6.47157,1.74049
951,-4.40427,1.88199,-13.7563
952,-11.6642,-0.0578011,-5.91893
953,9.75407,-3.95693,-1.95152
954,13.7607,6.4894,-9.20947
955,-3.42947,-3.16509,-2.15977
956,12.2552,-4.93371,3.00724
957,-14.2847,5.91859,-6.11282
958,1.95599,-18.1492,6.60316
959,-13.6492,1.09749,-2.42131
960,3.7123,-10.6303,-7.51515
961,-9.95281,-11.677,-6.74281
962,-13.1959,3.92088,-13.266
963,-3.88062,9.68111,-5.60399
964,-11.1576,-3.56614,15.5945
965,-9.04038,1.90515,5.02717
966,0.465858,2.04136,-14.283
967,4.56775,-11.6832,1.88919
968,14.4153,-5.87488,9.43038
969,2.18158,-8.58493,10.0274
970,8.30357,1.73993,-7.53646
971,11.2693,-10.0123,1.22059
972,4.6706,16.4424,-9.55848
973,2.69593,-2.06926,9.3128
974,-12.7878,-3.23305,0.255777
975,-0.997006,-11.6384,10.7583
976,5.41212,-6.64939,-3.73663
977,-10.9146,10.6454,0.124143
978,2.29009,3.24031,-13.6959
979,15.1517,4.37132,-7.90523
980,-6.83884,-4.76077,-8.46515
981,5.11255,6.15711,3.78965
982,0.693728,14.4319,5.03062
983,12.17,-0.427758,3.08405
984,12.9948,1.25819,-10.4254
985,12.4225,-11.7484,1.825
986,-11.4112,-13.7646,4.88002
987,-8.95849,-2.45597,-6.69366
988,9.40522,-7.68532,4.56063
989,-13.4931,-10.0399,-5.46696
990,-1.31386,-3.22737,12.8491
991,3.92089,5.86006,1.35888
992,4.59801,16.4901,-7.84794
993,5.64263,-13.3124,7.94848
994,-3.11112,-6.33482,16.7717
995,-16.149,6.08257,-9.11612
996,-8.88766,13.2256,-6.61631
997,-5.6123,-9.76443,6.36048
998,13.3585,6.50451,2.9764
999,-0.647756,-11.7963,-6.56954
1000,-10.5545,-11.306,-9.02193
1001,-12.2176,8.15818,11.7046
1002,8.80332,9.88257,2.64536
1003,-12.0325,12.5469,5.56471
1004,3.44062,10.477,13.8197
1005,-12.5363,-3.0818,-14.5732
1006,-2.48141,12.8974,9.2987
1007,4.33664,-10.5067,-5.48111
1008,-5.63463,9.91901,6.04709
1009,-8.67591,16.1053,5.63745
1010,-6.37619,7.35413,6.32489
1011,-13.9249,1.88481,-7.52297
1012,13.5705,2.78476,11.5209
1013,8.74357,-8.719,-11.9831
1014,10.6431,15.4017,2.93619
1015,-4.9139,-7.53841,-2.40315
1016,2.36276,12.0695,2.48094
1017,-15.16,-10.0322,5.65807
1018,11.9124,-10.5267,9.41794
1019,3.71655,5.84998,-1.5727
1020,13.6927,-7.95343,-9.3932
1021,9.17946,-14.1585,-8.17243
1022,5.46153,-13.8709,0.255893
1023,-8.84055,-1.13942,3.6006
1024,-8.38751,-0.452531,5.64333
1025,-7.33203,-7.87597,-0.54812
1026,-17.6653,-6.93181,-0.441163
1027,0.40533,5.33384,-16.2663
1028,3.368,-4.41708,-1.20516
1029,-5.38764,-6.47187,-7.59985
1030,14.9391,-2.0741,1.77461
1031,1.04042,8.62769,0.332189
1032,3.99553,14.1022,-10.639
1033,-5.19075,-2.52065,-0.668169
1034,14.4323,-5.11984,-10.7558
1035,-4.96978,4.97797,7.80899
1036,3.87337,-10.0212,9.02542
1037,-8.2127,-4.00488,-9.78389
1038,-1.60462,2.27669,18.5438
1039,-3.5664,3.17556,8.67841
1040,-7.11084,-5.40328,-9.44713
1041,1.46356,-1.90741,0.576705
1042,5.29087,8.50822,12.8567
1043,3.72149,6.51963,9.72849
1044,-6.79983,11.881,7.90075
1045,2.67867,1.35934,-5.71254
1046,8.88803,1.97038,0.778499
1047,-9.27732,-5.78477,0.20175
1048,2.23346,8.22438,-0.279147
1049,4.94611,-9.5466,-13.8692
1050,10.7076,-11.0933,9.99882
1051,-18.3429,0.464295,-3.73233
1052,-15.8164,-5.541,1.02626
1053,-3.00679,11.7959,-10.7988
1054,5.93564,-2.68202,3.43067
1055,13.8112,-2.32314,-3.69948
1056,8.71143,2.04403,-13.2768
1057,5.47338,-5.08556,-7.04432
1058,14.7858,6.15638,1.41384
1059,14.0955,9.64483,-9.26232
1060,-2.66604,16.8596,-8.43003
1061,7.30671,4.73081,-13.0136
1062,-17.9067,4.91846,-5.77308
1063,10.1838,2.80358,-0.00426304
1064,1.88823,-0.732929,-6.08364
1065,13.4739,-1.19655,12.8734
1066,-7.96083,14.0784,4.16463
1067,15.0279,2.82195,2.02493
1068,12.9357,5.0533,4.3879
1069,2.53467,11.1726,13.951
1070,-2.92917,-12.2838,10.3537
1071,7.6954,2.99897,5.08265
1072,3.14117,9.00213,-10.791
1073,-6.47902,-7.99171,-3.29418
1074,9.09213,-0.278897,14.9902
1075,-7.03214,14.4294,-2.43514
1076,10.4771,-8.46284,8.57284
1077,-10.6389,9.22516,-4.75228
1078,-2.58824,6.90118,17.6577
1079,-13.7274,-5.80652,-1.86345
1080,4.53508,4.00468,-4.76181
1081,-5.35201,8.99741,-8.20785
1082,3.13326,2.10016,-2.92252
1083,-11.3055,5.41551,11.8351
1084,1.64223,7.92296,11.6301
1085,-13.4353,12.7587,-4.38566
1086,5.54659,10.2176,-15.1079
1087,-2.02464,-0.161279,-16.3269
1088,-11.3065,-7.87182,13.442
1089,-11.6683,-3.15646,-11.6359
1090,-5.18656,-4.74237,11.3662
1091,-3.88529,-11.5943,-10.6066
1092,6.28636,-4.16465,5.4225
1093,8.07583,-1.17961,-5.19972
1094,9.94375,-0.416886,-7.10356
1095,-13.3154,-0.275966,2.66226
1096,-13.936,-2.45106,7.18097
1097,-4.98711,6.46464,-15.4111
1098,-7.65837,-9.81465,7.79074
1099,-11.2876,7.55894,12.2569
1100,-9.17236,-12.1743,-3.99246
1101,14.5156,-2.34335,11.5451
1102,-9.53006,-1.78784,12.6833
1103,-14.2739,5.42928,-0.518463
1104,3.82673,11.1834,15.3427
1105,-4.40275,-8.26099,-1.84792
1106,12.0699,-5.44475,8.98905
1107,13.8478,6.00022,-5.11303
1108,-4.38059,-4.84034,14.6443
1109,-1.74313,6.51246,4.88654
1110,-10.201,-0.527054,-8.39879
1111,-12.4802,-5.8357,9.71697
1112,-15.131,4.93798,10.4801
1113,2.04751,9.67507,-12.7496
1114,-0.495186,-0.427249,8.80638
1115,2.43999,-6.13323,0.107476
1116,2.47057,-1.80069,-17.3641
1117,2.46537,-7.09111,-3.82745
1118,-9.53152,4.3255,9.2244
1119,-7.59803,-9.10677,-3.59905
1120,11.2931,-11.0681,-3.71828
1121,-6.96508,-3.4441,-13.7892
1122,-6.62026,0.256556,-12.8893
1123,-6.18768,-6.26325,-0.853739
1124,-0.910448,0.804523,-3.77492
1125,-1.59763,5.19914,14.134
1126,9.66801,8.27337,-10.7975
1127,-3.68878,12.6264,-8.42403
1128,-9.35939,8.69944,7.58534
1129,7.87835,9.00171,10.8802
1130,13.0462,14.4942,1.47548
1131,-3.42322,9.90184,11.3617
1132,-8.80937,11.7314,2.8626
1133,17.4288,-1.78726,1.30928
1134,-8.31034,1.07332,-7.68423
1135,1.55925,-15.1053,-5.93161
1136,-6.67581,5.68118,-8.46864
1137,-6.6412,3.88284,2.36047
1138,16.2554,-7.72542,-4.2857
1139,4.68043,-7.49386,7.08128
1140,-14.8112,1.92139,9.63871
1141,16.4713,-0.297761,-9.75174
1142,-8.7933,-12.0852,0.0483238
1143,3.63458,8.30615,-14.5304
1144,4.34216,2.75568,-2.45258
1145,2.58565,1.56652,17.0581
1146,-13.9533,3.34844,-11.6329
1147,10.7452,-7.71429,2.03677
1148,9.43697,-3.29566,11.4518
1149,15.7815,-9.10771,-1.22882
1150,13.0606,-8.08252,-8.47202
1151,-2.8382,-13.4007,8.09515
1152,-4.84295,1.06779,8.84985
1153,-2.12385,8.08819,13.0482
1154,-6.88608,-4.91146,14.2485
1155,14.9202,0.760984,11.9104
1156,8.97847,8.79466,14.6739
1157,0.663934,-12.0878,1.62914
1158,5.65628,0.343022,16.4069
1159,8.0878,-3.27495,-7.2487
1160,1.18227,-16.0223,-5.3876
1161,0.138273,-14.9861,3.77197
1162,-7.57173,-12.0768,-10.7547
1163,-3.15066,2.94249,0.99085
1164,10.0018,-7.97382,-5.64242
1165,-10.1463,-6.02084,3.2537
1166,1.91766,-10.1564,3.15729
1167,1.15624,-10.0571,-8.59582
1168,16.1251,-8.71191,-2.62621
1169,15.5205,-7.64634,0.267608
1170,5.101,-8.50277,-11.4442
1171,9.50909,-5.3384,-3.66707
1172,12.1087,8.54352,8.2805
1173,-8.87378,-9.19204,10.5855
1174,-6.60245,15.5698,-6.65977
1175,-1.77754,18.081,-0.561052
1176,7.11831,-12.7647,10.6223
1177,-10.9743,-3.45275,-2.25178
1178,3.50584,1.96843,0.0301976
1179,-0.92,-10.3503,-3.07
1180,9.62467,2.35993,-8.83332
1181,9.0045,-4.17826,10.8219
1182,-5.60678,0.220434,16.5791
1183,-13.3829,-7.35843,-8.98803
1184,8.01822,1.52188,-2.34712
1185,11.3389,2.77246,-14.7344
1186,-3.5665,-5.50675,-11.7763
1187,-5.31091,6.34142,-10.0143
1188,5.71879,5.51465,-16.1181
1189,2.90868,2.90328,-4.14415
1190,-6.92821,-17.1083,1.03574
1191,-6.64323,-1.97634,10.3825
1192,1.63673,-1.93325,-6.54836
1193,-15.6216,-11.5244,1.85788
1194,16.309,6.89464,-1.00495
1195,-4.52472,-13.9564,-5.15984
1196,-0.977068,4.05691,7.50021
1197,11.6893,-11.3306,6.70495
1198,-1.40974,9.73758,13.1195
1199,9.71218,11.018,-8.04936
1200,0.548187,5.35368,-17.3338
1201,8.89557,-14.9007,7.96134
1202,-4.43486,-1.89359,-13.7521
1203,10.3262,-4.56422,3.94883
1204,7.39231,-3.37698,8.17054
1205,-4.64364,-3.90569,-5.43329
1206,-2.5087,9.0655,-12.0216
1207,-0.347126,6.50202,-13.5459
1208,5.15386,-13.9006,-5.49694
1209,0.77401,8.61338,-15.987
1210,-4.52869,-0.334872,-10.5644
1211,4.14827,2.91054,-18.8418
1212,0.0372408,3.28227,9.21518
1213,-1.54169,-17.4373,-0.730675
1214,14.136,7.94364,-6.71522
1215,11.4643,7.82742,3.47903
1216,-3.57268,4.43941,-2.13805
1217,10.5578,-8.55967,-2.48644
1218,5.34773,15.2262,-11.12
1219,-1.70423,8.78568,-8.91284
1220,0.708252,-11.7117,-1.77253
1221,-10.3648,-4.43774,14.926
1222,2.3478,5.4861,-8.18932
1223,17.0344,-8.14043,-2.03176
1224,8.90386,0.974935,-7.11084
1225,-8.54196,-1.59574,12.9246
1226,-4.78706,-18.6543,-1.58278
1227,-19.013,-2.64951,1.00489
1228,-6.64599,6.3593,13.8409
1229,-0.473586,-6.99452,3.81798
1230,-3.58959,3.58133,13.9353
1231,-7.89683,-5.77499,9.30048
1232,0.761946,15.7778,5.88567
1233,-0.52616,-14.7765,1.77564
1234,-3.35262,-2.80448,5.48634
1235,4.89935,-1.10056,-17.8942
1236,11.7706,10.909,-4.008
1237,3.07336,-14.8078,12.0196
1238,12.219,4.74922,11.5103
1239,11.1686,-11.8468,-7.13702
1240,-5.52844,-17.5753,2.24723
1241,-4.97534,-3.60146,17.2371
1242,-10.6729,10.8489,-9.94599
1243,15.008,5.19838,-11.2553
1244,-11.597,-2.98459,-6.54577
1245,6.20585,15.1417,0.61326
1246,9.95607,-1.07413,-11.2247
1247,5.29372,13.0908,-1.10673
1248,6.13299,10.087,14.3194
1249,-11.3288,-15.4072,-3.18239
1250,10.6096,-0.792032,0.212093
1251,0.130474,-5.5541,-10.6407
1252,-3.11153,-9.90704,-6.13104
1253,17.3094,-7.34103,1.33172
1254,2.80223,7.944,-1.8756
1255,18.8491,-0.824868,2.17302
1256,0.46683,7.65194,16.9616
1257,7.3005,0.594757,-0.253881
1258,-14.4803,0.423222,-10.5251
1259,2.52709,-6.69505,-6.51258
1260,3.79867,14.2389,10.6235
1261,-8.96779,0.913632,15.05
1262,-14.785,9.62933,-0.245007
1263,1.64409,8.16641,-11.5542
1264,-5.0447,4.67353,-6.40269
1265,-4.19061,-8.60782,-10.9218
1266,-2.2903,16.8115,7.24773
1267,-5.92186,12.1793,2.8345
1268,8.18155,-13.5816,-3.00753
1269,4.97513,8.31904,3.11638
1270,16.3079,1.58486,0.971219
1271,1.94989,17.6149,4.22994
1272,1.27075,-2.95954,6.05907
1273,1.10235,-5.90311,17.8266
1274,4.15313,2.65028,3.83759
1275,-14.2966,-3.43833,8.01646
1276,-7.2006,6.65608,-12.932
1277,-7.51453,-14.6396,-8.48038
1278,5.96255,13.9262,3.88253
1279,0.0944993,6.59087,-3.87224
1280,-11.6635,11.5648,-9.20703
1281,-1.11095,1.08923,12.5656
1282,9.90866,5.59296,-0.157058
1283,-15.6244,-2.71544,-9.40013
1284,2.17481,-13.6047,-8.67172
1285,12.6733,-5.19749,-1.38432
1286,-2.02901,2.03473,-10.623
1287,-0.56122,-11.9207,-14.9456
1288,-13.5522,11.816,6.64168
1289,11.1408,9.10644,-5.97466
1290,-4.31413,-6.34231,12.7062
1291,11.179,-2.63205,-0.0618665
1292,9.54688,-14.7473,-7.12437
1293,7.24778,6.81861,10.7259
1294,-16.6198,1.4878,-4.04475
1295,16.4058,4.38434,-5.86124
1296,12.0486,4.42666,8.36376
1297,12.5854,1.23012,1.87967
1298,-0.0405683,19.1415,-3.57252
1299,-11.0101,1.69641,-15.4101
1300,-3.96659,4.56899,-7.15803
1301,9.70015,10.6856,4.13818
1302,-6.04681,1.13181,16.7808
1303,7.48527,-9.63311,10.1118
1304,15.2189,3.21421,11.1268
1305,7.86738,-10.5153,1.5945
1306,5.39406,-8.78763,-3.51338
1307,0.645464,-14.2148,-11.4149
1308,-5.20671,10.0572,11.7059
1309,6.59908,4.22428,13.3965
1310,10.7162,13.1976,5.19924
1311,-8.36185,-14.7919,-1.62665
1312,-13.1928,1.72091,-3.87955
1313,-6.49247,-12.9877,3.82115
1314,-16.1486,-0.787342,-9.7544
1315,-16.1524,-2.74552,-3.54804
1316,12.9937,1.0805,-1.30178
1317,2.51441,-1.89528,-5.96037
1318,2.10693,-4.82392,4.41567
1319,-1.07979,-0.672621,5.84091
1320,2.12062,2.99105,-0.118497
1321,-1.5533,-0.677178,16.2105
1322,7.6587,-3.69139,-2.94277
1323,16.3343,-9.03348,4.73638
1324,2.26337,-2.17279,6.10143
1325,9.62339,12.1038,0.210852
1326,-7.85822,6.4896,14.3099
1327,6.09957,2.43813,-13.0657
1328,7.92249,-6.32946,8.33658
1329,-14.4754,2.33744,-11.563
1330,-8.82204,-14.4911,3.2242
1331,15.3715,6.08168,5.79943
1332,-8.14912,-1.69525,-1.57277
1333,-9.03502,-6.40669,-10.577
1334,9.75588,9.87407,11.0119
1335,2.13922,13.7319,-11.443
1336,-5.59061,2.70211,-5.69571
1337,-15.2833,1.91951,11.3382
1338,1.48577,-2.56089,13.2675
1339,-2.02624,11.8858,15.2072
1340,13.3462,4.97326,-8.10762
1341,-6.54022,-7.67824,0.0485471
1342,8.14995,12.8874,0.576639
1343,0.0988508,-2.80793,18.4313
1344,-12.6563,3.90218,8.26787
1345,-9.45201,-13.251,3.0431
1346,7.21297,-16.6593,-3.7689
1347,-9.24308,-11.7663,9.45423
1348,-2.17457,-6.80543,-11.357
1349,6.37375,-5.95104,12.6931
1350,11.5978,-5.70756,2.8409
1351,-14.6423,-9.34295,-1.30671
1352,-9.35517,-3.55745,12.2036
1353,-9.49039,11.9424,4.54189
1354,-5.82941,11.0822,-7.22221
1355,3.77311,-4.84656,9.13476
1356,-12.4631,3.61816,1.40879
1357,-10.2924,5.36115,7.1057
1358,-9.17285,-8.26366,3.45993
1359,8.01326,4.67566,-6.73314
1360,6.8277,3.5754,15.4652
1361,5.61275,5.07062,7.10143
1362,-10.2936,6.23975,10.7533
1363,-1.51914,-4.73995,15.9525
1364,1.37268,4.51954,11.7807
1365,-0.95037,-7.16087,6.03142
1366,5.06215,1.16701,17.3202
1367,0.108584,-0.421943,-13.4439
1368,10.5797,16.3063,1.89776
1369,-0.58757,-15.1181,0.168309
1370,-6.40304,-15.7657,8.87441
1371,-13.4574,-10.0341,7.87329
1372,15.8535,7.94765,-6.86962
1373,10.9695,-4.02021,7.67403
1374,-10.3963,1.44011,-2.51718
1375,3.71316,-15.1429,8.06144
1376,-2.82506,-17.0846,4.73765
1377,-2.19241,4.35348,-0.659672
1378,-3.40022,-6.2889,13.2346
1379,-7.18686,4.85941,-10.7548
1380,-1.24138,1.84635,-8.97923
1381,-9.71681,-1.23673,13.5099
1382,15.0133,-2.92548,0.840314
1383,-2.57309,3.5187,16.3683
1384,12.5611,8.36081,-1.36369
1385,5.35842,-9.71153,3.58348
1386,-5.8902,-18.0241,-2.0331
1387,3.8419,6.27824,11.9442
1388,11.1983,6.57453,1.32986
1389,-11.3714,2.96694,3.48174
1390,1.4265,11.0835,1.03428
1391,7.86467,-5.54317,-3.95445
1392,-12.2855,3.75983,-4.99693
1393,-4.91455,3.29923,8.68832
1394,2.51066,2.2081,-13.7369
1395,-10.6496,-4.27934,-15.8346
1396,-3.32084,-1.5709,3.20917
1397,8.96972,-3.88081,4.27474
1398,12.6682,-10.2264,6.17552
1399,5.99035,-2.49341,-5.5124
1400,-3.78594,-16.4351,8.73163
1401,-11.2603,-15.2088,3.38918
1402,-0.32228,15.9346,7.88045
1403,9.2161,-7.21336,13.2191
1404,-15.3274,-3.97034,6.83449
1405,-6.3553,6.70104,8.60626
1406,4.07232,10.7728,4.92017
1407,-10.4788,-12.3588,-3.63534
1408,1.96619,-0.104573,-19.4338
1409,12.5851,9.08831,4.85596
1410,-15.8024,-1.91659,2.66636
1411,-17.1056,1.05625,3.13073
1412,-3.57477,0.368116,-3.16289
1413,-4.875,-5.32933,13.4425
1414,-2.57867,8.759,0.962196
1415,-0.767347,-7.6703,-2.16269
1416,1.76949,1.51934,3.52654
1417,10.7429,7.07405,-13.9542
1418,-1.83193,4.63233,9.93968
1419,-6.83085,4.99551,10.9244
1420,0.131621,3.4796,-2.85913
1421,-13.2965,10.7796,5.03667
1422,-7.46665,12.3673,5.61021
1423,-0.265406,-9.6773,-9.29077
1424,-9.04527,3.67642,16.1999
1425,9.48876,6.87517,10.3101
1426,-5.96497,-18.1911,3.06251
1427,-7.07358,-9.61422,-10.5834
1428,7.28206,-3.11486,-16.7505
1429,-12.9227,-0.656574,-8.48663
1430,-4.58604,-5.51206,-6.60604
1431,2.5296,-14.3275,-4.97943
1432,3.97479,-15.9893,1.90626
1433,11.4686,12.6823,-0.222851
1434,-12.2687,1.95268,8.90364
1435,7.44469,-14.0048,-7.51931
1436,-13.9751,-9.11555,-2.66747
1437,1.3381,-13.5824,-5.28525
1438,-10.3833,-11.226,4.36251
1439,15.6413,4.02089,-6.70337
1440,-4.00997,-10.2595,8.17267
1441,-3.60298,-17.4095,7.02216
1442,-11.2819,-11.9605,-9.60703
1443,-3.23813,13.4542,-12.1814
1444,-10.2332,2.41694,9.80832
1445,-8.23529,8.76649,-2.10787
1446,-6.56873,15.2138,5.45109
1447,-18.0174,-3.94642,2.08623
1448,2.84358,-3.3484,-7.87816
1449,1.99889,9.40854,-1.03276
1450,6.64008,-8.36298,-9.82065
1451,-11.8942,2.7393,13.9391
1452,9.04144,-3.0914,14.6864
1453,0.296675,-14.3672,6.76198
1454,-10.0352,16.2317,-1.48098
1455,-14.4066,-6.28064,8.16691
1456,8.60876,1.00366,0.128422
1457,-2.42761,-14.5753,0.374225
1458,1.02549,-10.334,2.65136
1459,2.96151,-18.8223,-1.94081
1460,7.36673,-10.4378,-2.66056
1461,-0.957109,16.7069,-7.94393
1462,8.85556,-10.2224,8.02831
1463,11.0163,8.9515,6.6172
1464,14.5801,-10.6938,5.34774
1465,-2.52211,-11.558,-11.6406
1466,-5.45156,0.459803,-3.99297
1467,15.715,-6.36868,0.955631
1468,10.9276,8.49213,11.0073
1469,-14.2594,7.58531,8.63426
1470,0.989731,-4.78768,1.48753
1471,5.86431,-10.0637,7.88531
1472,-0.921018,5.54109,-12.298
1473,10.3263,-13.6705,8.65738
1474,-0.983363,2.50032,-17.7006
1475,5.13895,4.85194,8.33933
1476,-4.74194,-0.58901,-7.17915
1477,-0.565754,-7.15578,-4.16808
1478,-0.178218,18.0634,3.00476
1479,1.42006,-11.2894,-7.85184
1480,-4.62795,-2.84521,9.031
1481,-8.00664,-0.525071,-10.469
1482,5.45925,2.40776,3.95266
1483,-3.71304,-7.07478,8.06808
1484,1.16611,-10.2154,5.9698
1485,-5.18803,-5.87049,14.488
1486,15.4814,-2.97011,-9.94887
1487,-9.38929,13.2547,9.51195
1488,-10.0507,-12.4987,-9.71136
1489,-3.01807,-6.39445,-4.06235
1490,-15.2241,9.06432,7.9738
1491,-3.73581,1.95404,5.24184
1492,-4.22881,3.14502,-3.3452
1493,3.85344,10.1123,-11.6686
1494,16.2585,-4.72897,-1.04653
1495,-8.23003,-5.16401,3.58247
1496,4.22335,14.967,7.46824
1497,-8.00901,-9.74938,5.55222
1498,14.03,5.40798,-2.23678
1499,-1.13581,-10.9456,9.40649
